,price,amount
0,28045.44,100320.876
1,28045.44,590093.586
2,28045.344,207535.5456
3,28051.775999999998,112557.75119999998
4,28042.272,260705.49750000003
5,28033.824,128605.1676
6,28033.824,582899.1259
7,28033.248,739172.5068999999
8,28033.248,119082.9014
9,28033.824,284630.9193
10,28032.96,594152.7470000001
11,28033.248,150299.0911
12,28033.728,181547.5906
13,28033.824,115873.1392
14,28037.471999999998,144305.3637
15,28037.76,102367.03
16,28038.816,161778.12689999997
17,28039.392,220897.8351
18,28034.304,249505.30560000002
19,28036.895999999997,214628.2799
20,28038.239999999998,131838.141
21,28036.895999999997,153005.5189
22,28034.304,125949.9512
23,28034.304,515422.36
24,28041.6,235520.23
25,28041.6,118212.87
26,28042.559999999998,147135.807
27,28045.344,292139.0
28,28045.344,110370.11420000001
29,28046.304,203394.1338
30,28047.935999999998,321236.51699999993
31,28047.935999999998,199987.62699999998
32,28048.607999999997,104481.0648
33,28050.624,292194.0
34,28043.52,585788.236
35,28044.0,112205.21250000001
36,28053.984,108416.959
37,28053.984,105260.8858
38,28056.575999999997,109479.0976
39,28058.784,250336.96349999998
40,28055.136,129375.09069999999
41,28059.552,122263.65209999999
42,28060.8,162928.02
43,28062.624,159752.3335
44,28063.104,149640.6556
45,28063.487999999998,132073.7904
46,28063.68,474802.386
47,28064.832,142136.6804
48,28069.344,165872.2797
49,28070.399999999998,114796.24
50,28070.399999999998,103421.88
51,28063.104,298316.642
52,28063.104,136573.7728
53,28054.175999999996,761641.6553
54,28054.752,170432.6184
55,28054.847999999998,112044.0492
56,28054.944,106111.9809
57,28059.456,677898.9198
58,28062.528,125316.7266
59,28060.127999999997,249179.7825
60,28056.768,124268.1016
61,28050.624,987557.2812000001
62,28054.368,190389.7995
63,28055.807999999997,120172.3776
64,28056.0,500127.425
65,28060.704,100024.71780000001
66,28059.264,134626.0104
67,28059.264,704696.724
68,28071.552,518387.99360000005
69,28072.224000000002,542378.7612
70,28074.912,108029.9218
71,28075.2,173422.85
72,28075.392,150554.2896
73,28072.224000000002,117435.4704
74,28062.912,109006.8738
75,28062.912,125347.67360000001
76,28062.912,470463.02680000005
77,28067.136,457698.97299999994
78,28076.16,181763.88999999998
79,28077.12,147375.633
80,28074.624,584917.2444000001
81,28077.504,1113126.7966
82,28078.559999999998,191636.172
83,28079.807999999997,423537.104
84,28080.0,195390.0
85,28080.0,452468.25
86,28075.104,150611.23500000002
87,28077.888,108363.099
88,28080.864,107497.0575
89,28084.8,174155.015
90,28085.76,298498.968
91,28085.76,412714.392
92,28080.095999999998,249971.35459999996
93,28080.095999999998,116093.64689999999
94,28080.095999999998,276120.94399999996
95,28080.96,147015.52599999998
96,28085.855999999996,182060.71029999998
97,28086.336,304239.38339999993
98,28086.336,235076.781
99,28087.392,117030.8
100,28089.024,117037.6
101,28087.775999999998,500079.44519999996
102,28088.64,156330.837
103,28089.024,101500.8586
104,28089.6,138312.02000000002
105,28089.6,817846.26
106,28093.344,146319.5
107,28096.224000000002,214087.37350000002
108,28093.92,129758.793
109,28096.32,109224.444
110,28097.76,102293.4075
111,28094.015999999996,124930.5774
112,28096.415999999997,117068.4
113,28096.704,134015.4246
114,28094.208,211233.3264
115,28080.672,116242.28180000001
116,28080.672,168981.29390000002
117,28082.304,216877.2936
118,28082.399999999998,287552.075
119,28082.399999999998,114231.0125
120,28082.015999999996,167585.28089999998
121,28083.744,142846.7937
122,28083.84,178361.638
123,28083.84,284173.356
124,28087.296,292605.25759999995
125,28087.296,176832.93439999997
126,28088.447999999997,464073.8268
127,28094.112,367447.5732
128,28099.2,440162.26
129,28100.16,159322.05299999999
130,28102.368,188080.95249999998
131,28104.96,134611.048
132,28105.344,452378.9328
133,28105.344,199782.15360000002
134,28103.807999999997,631662.3596000001
135,28105.728,237903.2768
136,28105.92,121967.982
137,28105.824,340753.8391
138,28105.055999999997,298586.94389999995
139,28105.152,177501.6006
140,28105.055999999997,878283.0
141,28097.952,155416.797
142,28101.408,146507.8615
143,28101.504,122973.35239999999
144,28101.504,112903.64680000002
145,28105.92,146385.0
146,28101.6,113226.03
147,28096.415999999997,159973.9686
148,28096.512,274760.4736
149,28098.816,117810.14
150,28099.775999999998,196552.079
151,28103.712,146461.3241
152,28098.144,266229.9144
153,28100.544,126159.734
154,28103.424,151085.1784
155,28105.344,141902.71080000003
156,28108.32,125491.93699999999
157,28108.32,148652.0215
158,28108.32,206186.239
159,28108.8,305888.16
160,28108.895999999997,121043.93340000001
161,28111.967999999997,121642.82819999999
162,28112.544,100560.91260000001
163,28112.255999999998,170899.0896
164,28113.408,147448.968
165,28113.6,245554.725
166,28113.695999999996,185052.5469
167,28113.792,300495.4372
168,28113.984,143234.8914
169,28114.752,101564.5416
170,28115.136,109971.18299999999
171,28116.384000000002,124620.0145
172,28116.48,989085.0480000001
173,28116.575999999997,161699.60009999998
174,28118.015999999996,207663.264
175,28117.44,339313.065
176,28118.399999999998,424997.89999999997
177,28118.976,172550.9246
178,28119.36,338135.304
179,28119.647999999997,111658.4356
180,28119.744,194904.9756
181,28121.184,107856.4578
182,28121.568,123119.7399
183,28122.239999999998,197617.32400000002
184,28123.2,618153.7949999999
185,28123.967999999997,115659.81839999999
186,28122.624,208283.184
187,28124.832,150438.5545
188,28124.928,254354.8176
189,28124.544,156882.222
190,28125.408,199924.7752
191,28126.464,150857.4616
192,28126.656,141043.46039999998
193,28126.847999999998,126834.50519999999
194,28127.136,223727.9276
195,28127.615999999998,665452.5151999999
196,28127.712,178142.176
197,28128.0,2769055.1
198,28128.48,151219.8805
199,28129.44,118465.9645
200,28130.112,110029.761
201,28131.552,102562.95
202,28131.84,114490.728
203,28131.072,121959.9184
204,28132.224000000002,151943.31399999998
205,28132.512,151475.9943
206,28133.471999999998,176713.371
207,28133.088,184682.00059999997
208,28132.992,103476.6612
209,28134.144,139879.4472
210,28134.528,212650.1408
211,28135.967999999997,171863.8712
212,28135.68,126962.256
213,28136.16,281244.366
214,28136.352,113541.9038
215,28137.024,303029.8866
216,28137.6,900256.65
217,28137.215999999997,127789.856
218,28137.311999999998,141946.8771
219,28137.888,122458.4334
220,28138.175999999996,232726.164
221,28138.559999999998,104288.538
222,28138.559999999998,148342.971
223,28136.16,762519.2445
224,28136.064000000002,183265.42520000003
225,28137.408,205227.21959999998
226,28137.215999999997,123041.7008
227,28137.6,310861.86
228,28137.695999999996,105135.3287
229,28138.079999999998,252539.26799999998
230,28138.368,251047.00199999998
231,28138.464,585661.0929
232,28138.559999999998,481667.663
233,28139.327999999998,102884.41799999999
234,28142.399999999998,159414.97
235,28144.127999999997,132863.7376
236,28146.336,104815.7825
237,28146.624,168586.55000000002
238,28146.816,559740.4836
239,28147.2,1707186.32
240,28147.392,266168.7756
241,28130.015999999996,214579.2783
242,28135.2,131971.67250000002
243,28135.2,132469.9
244,28137.888,101325.7071
245,28139.232,117393.3585
246,28140.0,136391.0625
247,28139.904,391936.10040000005
248,28142.496,142911.1125
249,28139.615999999998,201403.4391
250,28139.712,431475.58400000003
251,28133.568,375172.8516
252,28134.816,233665.5083
253,28139.52,101360.89600000001
254,28146.144,360299.9621
255,28149.024,213668.6853
256,28149.12,128752.902
257,28151.039999999997,152220.884
258,28146.048,252464.18680000002
259,28145.375999999997,501251.5557
260,28145.471999999998,202412.8528
261,28145.471999999998,354515.6744
262,28145.855999999996,112466.14959999999
263,28151.52,230783.815
264,28151.039999999997,152338.18000000002
265,28152.0,324011.925
266,28149.504,187370.136
267,28149.504,102012.62960000001
268,28149.504,121951.8616
269,28151.424,227264.1
270,28151.424,100846.6116
271,28153.824,139742.6785
272,28153.92,299633.95900000003
273,28154.015999999996,100122.7194
274,28154.399999999998,147018.7575
275,28154.879999999997,117781.248
276,28156.8,206131.24
277,28154.015999999996,1038589.9194
278,28158.719999999998,118765.26800000001
279,28159.584,143027.22040000002
280,28159.68,338062.825
281,28160.64,304017.576
282,28161.6,194755.065
283,28162.464,161112.7628
284,28162.944,127437.32160000001
285,28158.912,631844.9202
286,28160.447999999997,108124.3868
287,28162.944,132717.87360000002
288,28163.52,199931.655
289,28147.68,379348.629
290,28136.544,348775.91000000003
291,28137.215999999997,419420.376
292,28140.768,139062.2952
293,28140.864,138769.6356
294,28139.615999999998,293121.0
295,28135.296,683160.156
296,28136.255999999998,527203.0967999999
297,28135.392,214884.0564
298,28136.544,352527.44920000003
299,28138.656,140370.85789999997
300,28141.055999999997,138301.5648
301,28141.055999999997,176848.9488
302,28141.055999999997,740549.4768000001
303,28141.152,151551.829
304,28141.152,647950.0248
305,28141.248,139123.2948
306,28142.399999999998,138747.895
307,28146.144,141375.7358
308,28146.528,116808.0912
309,28147.296,101476.86609999998
310,28147.296,200051.0423
311,28143.744,102607.40000000001
312,28136.255999999998,527554.7999999999
313,28119.935999999998,365354.1268
314,28120.032,437266.49760000006
315,28121.471999999998,111607.092
316,28125.504,253422.51
317,28128.0,169910.7
318,28135.392,279536.84260000003
319,28137.6,114836.58
320,28136.928,145051.72569999998
321,28132.415999999997,1165033.6776
322,28132.512,463102.17410000006
323,28140.864,117458.7938
324,28140.864,141994.10960000003
325,28142.399999999998,267411.43
326,28136.735999999997,173099.5446
327,28136.735999999997,329991.1569
328,28143.36,176804.796
329,28143.456,281141.399
330,28143.456,144792.2179
331,28145.28,491662.86
332,28147.2,201604.32
333,28143.456,1087656.6261
334,28150.847999999998,139082.78340000001
335,28151.904,130906.35360000002
336,28152.0,151111.72499999998
337,28156.704,131867.23040000003
338,28156.704,129638.15800000001
339,28156.704,262649.25450000004
340,28158.816,168512.91449999998
341,28158.912,983127.3474000001
342,28163.615999999998,368826.02119999996
343,28153.824,686190.8062
344,28153.92,100855.553
345,28154.304,129216.5244
346,28156.032,257950.314
347,28157.088,293303.0
348,28153.92,239015.05000000002
349,28154.015999999996,264618.42329999997
350,28155.935999999998,144651.1212
351,28148.064000000002,180001.0051
352,28148.064000000002,338421.8278
353,28152.384000000002,146978.9048
354,28147.2,101095.36
355,28143.647999999997,227816.9673
356,28143.647999999997,310606.1985
357,28146.624,247690.29120000004
358,28147.2,619209.08
359,28146.624,102676.5388
360,28143.647999999997,249833.5086
361,28125.792,336571.9776
362,28119.84,204776.87649999998
363,28119.935999999998,105449.76
364,28113.695999999996,200046.51810000002
365,28113.695999999996,132163.6563
366,28111.967999999997,191073.5325
367,28113.695999999996,179459.09279999998
368,28104.095999999998,155714.25689999998
369,28105.152,121262.02040000001
370,28093.44,138506.512
371,28095.167999999998,183789.22400000002
372,28096.895999999997,122192.23
373,28092.0,117050.0
374,28091.712,499008.29660000006
375,28090.656,108470.89769999999
376,28090.464,180013.05680000002
377,28089.695999999996,216583.2602
378,28089.695999999996,880904.5706
379,28092.48,102274.185
380,28091.327999999998,157545.5312
381,28086.336,366380.4018
382,28076.928,387841.8148
383,28081.055999999997,251062.1913
384,28086.144,107166.1932
385,28088.064000000002,129673.22880000001
386,28085.375999999997,130626.25399999999
387,28076.544,196740.53280000002
388,28071.744,113485.8734
389,28070.496,128890.36080000001
390,28070.592,194535.0506
391,28063.68,228075.86599999998
392,28067.904,127972.0998
393,28063.487999999998,495495.95999999996
394,28067.712,139461.444
395,28058.592,188518.665
396,28058.592,153474.6527
397,28058.208,210758.0603
398,28052.255999999998,188329.9895
399,28052.255999999998,301327.98319999996
400,28052.255999999998,143387.93769999998
401,28044.96,114224.785
402,28043.712,185964.8652
403,28043.712,100431.5436
404,28050.048,312319.7532
405,28052.255999999998,133686.5325
406,28049.375999999997,177266.2127
407,28049.375999999997,166981.4415
408,28052.255999999998,129069.59869999999
409,28052.928,119809.37999999999
410,28061.375999999997,107130.14899999999
411,28053.792,135505.6599
412,28057.152,162059.279
413,28057.152,161650.1122
414,28058.976,109166.95349999999
415,28063.296,121666.08119999999
416,28064.64,118719.274
417,28065.215999999997,237765.00179999997
418,28065.311999999998,155937.8898
419,28065.408,797700.7528
420,28061.952,149371.432
421,28071.456,131994.3254
422,28070.879999999997,112137.3175
423,28069.824,115495.63
424,28068.575999999997,116016.7808
425,28063.104,300801.396
426,28060.8,100375.82
427,28059.167999999998,144913.9114
428,28053.311999999998,107040.91859999999
429,28060.224000000002,114316.18340000001
430,28060.8,202417.75
431,28061.28,158137.005
432,28051.392,104082.3524
433,28051.392,141075.1256
434,28051.392,204541.4
435,28046.784,469549.9088
436,28048.8,811194.6699999999
437,28049.28,205986.9
438,28049.664,373937.0832
439,28051.104,139612.68219999998
440,28051.2,149460.30000000002
441,28053.792,183167.8836
442,28035.072,190434.0672
443,28035.072,114242.9184
444,28035.072,102620.0448
445,28025.088,102641.8848
446,28025.28,165787.04700000002
447,28025.952,437963.8874
448,28022.784,228823.5456
449,28022.879999999997,102721.3695
450,28022.976,129372.73920000001
451,28023.167999999998,111479.66519999999
452,28033.824,359913.4175
453,28036.8,105634.485
454,28028.064000000002,102010.47460000002
455,28030.656,1596959.0298
456,28030.752,188419.21110000001
457,28031.52,668756.1485
458,28033.344,104628.6162
459,28033.92,144316.284
460,28034.112,139498.9094
461,28034.496,179508.3822
462,28034.208,123292.11060000001
463,28015.007999999998,429154.9038
464,28018.559999999998,256399.01
465,28017.695999999996,119658.90999999999
466,28010.976,179445.315
467,28011.072,131972.9986
468,28010.399999999998,108715.365
469,28010.399999999998,787442.37
470,28008.095999999998,116904.62569999999
471,28008.384000000002,175052.40000000002
472,28007.904,150600.8338
473,28004.832,199826.145
474,28001.375999999997,335433.14999999997
475,28001.375999999997,114338.95199999999
476,28007.712,128193.6318
477,28006.079999999998,287529.088
478,27999.456,156505.2926
479,28007.712,182867.0196
480,28002.912,113411.7936
481,28002.816,102531.144
482,28001.28,244982.03199999998
483,27996.96,218726.25
484,27991.68,668068.096
485,27989.184,113764.3708
486,27992.352,168099.9055
487,27992.352,289720.8432
488,28008.095999999998,145758.7996
489,28008.095999999998,168019.4009
490,28003.967999999997,104577.318
491,28012.127999999997,150302.57429999998
492,28010.496,249760.256
493,28008.095999999998,247317.3227
494,28011.647999999997,219745.5428
495,28011.167999999998,250670.77529999998
496,28012.8,135395.19999999998
497,28012.8,334431.98
498,28020.0,191674.3125
499,28023.456,135038.0286
500,28023.84,204953.5215
501,28020.575999999997,207089.56949999998
502,28018.368,127512.76019999999
503,28018.368,139099.5228
504,28018.368,197062.52159999998
505,28023.36,151005.043
506,28025.952,200122.81350000002
507,28019.52,145964.187
508,28024.224000000002,139508.0901
509,28023.456,185451.05829999998
510,28024.512,140326.90540000002
511,28025.76,178956.155
512,28028.64,238097.4575
513,28025.184,956125.8608000001
514,28024.032,993627.0846
515,28024.127999999997,266813.052
516,28024.32,125408.83200000001
517,28029.888,204180.21540000002
518,28029.504,149052.727
519,28030.079999999998,112762.676
520,28032.0,215379.2
521,28038.912,107132.0096
522,28034.112,390725.43600000005
523,28027.584,107001.141
524,28025.664,368012.0004
525,28025.664,324105.1268
526,28024.992,262734.3
527,28022.976,185039.2134
528,28020.575999999997,555683.0478
529,27983.904,304091.75680000003
530,27984.0,122546.59999999999
531,27984.095999999998,381195.8577
532,27984.287999999997,148462.4779
533,27984.48,110888.502
534,27985.44,208695.58849999998
535,27985.535999999996,192138.1956
536,27985.824,157099.5891
537,27974.496,154588.23049999998
538,27973.44,106823.574
539,27977.28,148512.728
540,27978.336,164168.71529999998
541,27979.104,120747.3207
542,27979.68,116465.418
543,27950.399999999998,140276.06999999998
544,27917.855999999996,147499.3392
545,27917.855999999996,145260.0945
546,27906.912,102005.5773
547,27878.399999999998,136749.36
548,27885.984,126939.323
549,27876.96,131021.71199999998
550,27870.624,144085.31970000002
551,27867.552,219398.9146
552,27867.647999999997,136870.792
553,27867.744,197309.4333
554,27870.719999999998,222123.832
555,27871.967999999997,104810.21299999999
556,27875.327999999998,232120.17919999998
557,27877.824,136601.3376
558,27879.935999999998,111142.20319999999
559,27877.824,152660.1258
560,27885.215999999997,102623.4043
561,27882.336,108799.19859999999
562,27883.007999999998,150858.6912
563,27883.104,139473.6098
564,27882.144,178097.1948
565,27882.048,228080.9614
566,27882.144,792637.0749
567,27872.447999999997,130506.931
568,27872.352,265542.22020000004
569,27863.327999999998,188512.8285
570,27845.568,143114.6172
571,27843.935999999998,111984.8301
572,27841.248,101794.563
573,27842.688,130454.5944
574,27843.264,120422.1168
575,27843.36,586189.7385
576,27844.32,122369.98550000001
577,27846.336,180711.11800000002
578,27847.007999999998,142251.79919999998
579,27845.76,129511.79
580,27847.68,152553.07200000001
581,27848.255999999998,113713.71199999998
582,27852.384000000002,138971.791
583,27845.568,181518.2964
584,27847.775999999998,184839.6132
585,27845.088,111960.458
586,27822.239999999998,160789.362
587,27792.0,106130.7
588,27760.895999999997,361990.5168
589,27761.952,171632.4845
590,27762.432,227594.10400000002
591,27762.912,129733.7742
592,27763.296,112875.1503
593,27764.447999999997,108107.8194
594,27767.52,139734.25950000001
595,27766.847999999998,122665.83579999999
596,27770.304,127598.76139999999
597,27771.552,142213.4892
598,27773.088,142481.72749999998
599,27774.528,144659.0
600,27774.912,165260.72639999999
601,27775.392,138876.96
602,27775.872,124904.62440000002
603,27776.735999999997,154999.9737
604,27746.496,468106.50960000005
605,27762.432,146041.96
606,27774.719999999998,108610.728
607,27777.311999999998,101271.45
608,27764.447999999997,118895.46429999999
609,27767.039999999997,120873.39600000001
610,27769.632,118570.5433
611,27744.095999999998,110600.68269999999
612,27676.8,149252.90999999997
613,27676.8,101308.62
614,27682.944,106175.6248
615,27689.855999999996,139660.7112
616,27695.904,122323.57600000002
617,27702.624,144544.2121
618,27700.224000000002,124362.46399999999
619,27705.408,156477.8356
620,27709.44,154537.856
621,27710.976,347166.57119999995
622,27712.224000000002,149934.6786
623,27713.76,171680.9695
624,27696.575999999997,100371.2374
625,27698.112,238838.51160000003
626,27705.6,522654.6
627,27709.344,104487.31800000001
628,27709.344,156355.7463
629,27716.544,165086.66520000002
630,27717.024,185877.2922
631,27700.224000000002,140203.5296
632,27693.6,149978.1525
633,27699.647999999997,111635.35220000001
634,27687.072,278918.40969999996
635,27687.072,144203.5
636,27675.072,115312.8
637,27676.127999999997,136362.589
638,27675.456,115314.4
639,27676.32,115318.0
640,27676.415999999997,115318.4
641,27686.879999999997,265822.8885
642,27693.504,198441.2646
643,27691.68,147429.3505
644,27694.464,148713.502
645,27690.432,125703.02359999999
646,27697.248,175502.4579
647,27698.112,492333.94080000004
648,27697.44,107529.5405
649,27699.264,161146.239
650,27700.032,167989.1524
651,27702.528,120303.99919999999
652,27701.855999999996,176310.771
653,27702.144,215730.44640000002
654,27703.584,231267.2106
655,27704.447999999997,150412.0656
656,27706.368,163958.2048
657,27706.944,116455.74900000001
658,27707.039999999997,152042.38199999998
659,27708.095999999998,110861.2466
660,27685.248,149990.59879999998
661,27684.672,118265.45820000001
662,27684.192,132451.55610000002
663,27686.879999999997,113198.9625
664,27688.8,192235.2625
665,27691.68,180486.2935
666,27694.079999999998,100737.216
667,27695.424,159912.22420000003
668,27699.84,118734.21
669,27684.768,127955.5371
670,27687.552,100338.53480000001
671,27691.487999999998,150803.2284
672,27691.68,101074.632
673,27691.68,101853.4605
674,27695.904,145951.6441
675,27696.48,449981.2485
676,27701.28,212867.02349999998
677,27701.664,111643.47710000002
678,27701.375999999997,167333.6244
679,27698.112,257505.88500000004
680,27709.248,125124.57299999999
681,27709.344,255820.7457
682,27709.44,298309.44
683,27713.952,148211.9058
684,27711.84,123404.2875
685,27715.007999999998,419535.9336
686,27714.048,182768.3728
687,27700.8,113919.54
688,27704.255999999998,169573.1336
689,27701.28,158358.98400000003
690,27701.664,116664.40370000001
691,27702.048,179803.6053
692,27703.68,106947.74799999999
693,27704.928,149981.7821
694,27705.311999999998,227501.01510000002
695,27705.984,122541.25840000002
696,27705.984,153191.0032
697,27706.079999999998,214866.42250000002
698,27709.248,190414.4886
699,27714.719999999998,165913.0165
700,27714.912,100148.9893
701,27718.464,301438.296
702,27720.575999999997,245442.59999999998
703,27722.784,101332.5511
704,27724.992,343039.0156
705,27724.992,184862.1602
706,27718.559999999998,126552.5505
707,27720.192,103777.4688
708,27720.575999999997,170423.7912
709,27691.584,170447.4686
710,27691.68,158852.1685
711,27686.879999999997,111468.5325
712,27687.744,108645.55380000001
713,27687.84,121768.81300000001
714,27665.76,118876.3125
715,27666.048,114958.1932
716,27629.471999999998,127757.5273
717,27593.855999999996,534056.0879999999
718,27630.239999999998,114320.118
719,27630.528,114551.564
720,27631.967999999997,172699.8
721,27632.255999999998,124661.77160000001
722,27632.64,144179.056
723,27560.735999999997,110099.3985
724,27557.855999999996,243599.9646
725,27564.095999999998,167911.2848
726,27555.072,130915.29520000001
727,27567.744,167904.79080000002
728,27560.832,107889.17360000001
729,27565.632,200023.1172
730,27570.528,124067.376
731,27574.656,172341.59999999998
732,27575.232,109266.8568
733,27576.384000000002,138571.3296
734,27568.895999999997,115588.34000000001
735,27573.12,118765.46999999999
736,27577.344,101145.6544
737,27578.015999999996,145588.9428
738,27581.568,125955.8272
739,27584.735999999997,117062.72339999999
740,27585.792,131463.54
741,27586.464,110087.2329
742,27589.344,238101.78650000002
743,27590.015999999996,132259.6392
744,27590.208,105388.84659999999
745,27590.879999999997,150025.41
746,27592.32,112007.574
747,27594.239999999998,131245.104
748,27594.912,112822.9475
749,27600.095999999998,126356.68949999998
750,27595.967999999997,170002.66119999997
751,27595.296,167037.7761
752,27595.007999999998,169306.87199999997
753,27599.807999999997,169307.5722
754,27602.688,130537.712
755,27606.912,110025.0472
756,27605.28,120945.63300000002
757,27607.775999999998,112731.752
758,27607.872,117132.14860000001
759,27604.704,234783.7585
760,27610.464,126461.67730000001
761,27611.52,159053.86000000002
762,27611.424,309995.75820000004
763,27613.055999999997,132111.2148
764,27612.384000000002,140708.1068
765,27614.112,125730.50370000002
766,27616.127999999997,101719.4048
767,27615.647999999997,126658.01889999998
768,27616.895999999997,127958.28480000001
769,27618.239999999998,130783.87400000001
770,27617.28,120710.52799999999
771,27619.68,130186.51250000001
772,27621.6,115694.2225
773,27621.695999999996,238582.39919999999
774,27622.175999999996,169991.4748
775,27622.464,132386.41340000002
776,27624.48,166178.5125
777,27625.248,171046.3272
778,27625.44,119393.6985
779,27628.8,124617.40000000001
780,27629.088,308524.816
781,27629.76,113541.045
782,27630.528,178734.978
783,27631.2,111877.5775
784,27624.095999999998,116481.6048
785,27591.552,147126.2028
786,27594.336,155218.14
787,27597.12,138876.757
788,27599.904,134290.78290000002
789,27602.688,161734.5
790,27576.0,126390.00000000001
791,27578.784,145190.8066
792,27585.12,105426.8805
793,27585.12,131316.665
794,27585.12,136201.53
795,27586.272,108017.4963
796,27590.112,141226.8858
797,27592.8,161072.97
798,27584.352,105107.8746
799,27590.208,188849.2258
800,27597.024,167335.7049
801,27598.175999999996,128015.2893
802,27594.816,283163.05460000003
803,27596.928,425510.1336
804,27600.0,111722.5
805,27599.712,319207.9191
806,27620.832,165638.6769
807,27621.695999999996,173556.32319999998
808,27621.695999999996,182964.96339999998
809,27624.96,216712.05599999998
810,27626.112,131367.918
811,27626.304,106735.3766
812,27622.944,100996.389
813,27623.712,383422.8775
814,27623.807999999997,330823.87559999997
815,27623.807999999997,165685.2984
816,27624.672,102930.6789
817,27624.768,118469.9686
818,27624.864,153030.23619999998
819,27626.015999999996,108029.2334
820,27626.112,220001.694
821,27626.399999999998,205701.56999999998
822,27627.167999999998,133387.42049999998
823,27620.447999999997,120148.9488
824,27629.664,101826.8242
825,27643.2,187282.68
826,27644.544,174074.238
827,27648.0,832377.6
828,27648.0,230572.80000000002
829,27648.0,119145.59999999999
830,27648.0,162057.6
831,27648.0,134697.59999999998
832,27648.0,201830.4
833,27648.0,360604.80000000005
834,27648.0,192614.4
835,27648.0,1005811.2
836,27648.0,349603.19999999995
837,27647.904,107164.42790000001
838,27647.904,146188.2924
839,27647.904,135244.3304
840,27648.0,231292.80000000002
841,27648.0,111513.59999999999
842,27648.0,144000.0
843,27648.0,192729.6
844,27649.824,179867.8655
845,27654.624,173705.60700000002
846,27654.624,216915.95700000002
847,27654.624,168145.8753
848,27645.024,103956.80900000001
849,27647.712,111339.64020000001
850,27651.744,351090.7371
851,27651.744,102858.72690000001
852,27651.744,144854.8131
853,27654.624,102178.07430000001
854,27658.944,115476.09120000001
855,27664.415999999997,149560.749
856,27667.2,235459.4
857,27668.544,131310.2984
858,27675.647999999997,139733.1936
859,27675.647999999997,113902.5888
860,27675.552,361165.9536
861,27677.952,671939.9472
862,27674.879999999997,108479.764
863,27675.552,123156.20640000001
864,27678.144,452883.6312
865,27683.039999999997,135300.858
866,27683.424,179711.5608
867,27669.695999999996,125753.0038
868,27670.079999999998,162158.198
869,27683.039999999997,150613.03949999998
870,27683.039999999997,176248.688
871,27681.12,119865.0165
872,27681.12,283933.32149999996
873,27683.807999999997,113301.7517
874,27686.879999999997,152479.7235
875,27679.104,347545.74960000004
876,27682.079999999998,134892.469
877,27682.464,118400.2054
878,27681.6,137542.94999999998
879,27683.136,173106.1098
880,27683.52,183691.69
881,27684.384000000002,162559.24229999998
882,27687.167999999998,135926.6904
883,27686.879999999997,252815.823
884,27689.76,102769.39050000001
885,27689.088,135416.946
886,27689.184,289899.9879
887,27690.719999999998,184085.599
888,27688.992,114620.8898
889,27684.672,132194.3088
890,27686.879999999997,269774.03699999995
891,27692.064000000002,461534.4
892,27692.352,221308.0464
893,27688.704,185139.3656
894,27693.984,115391.6
895,27693.12,133071.211
896,27696.0,187149.95
897,27698.112,383849.66880000004
898,27700.127999999997,184032.7254
899,27700.704,149266.3977
900,27699.84,302245.64999999997
901,27697.055999999997,161825.8199
902,27702.719999999998,127865.367
903,27702.912,160705.7468
904,27698.112,234164.4552
905,27703.68,110237.56
906,27704.64,126258.125
907,27702.239999999998,174610.6815
908,27705.984,102714.16360000001
909,27706.079999999998,166900.2715
910,27706.368,273369.4976
911,27706.368,154030.08959999998
912,27706.368,140985.008
913,27709.248,115455.2
914,27709.344,438933.32730000006
915,27709.44,350437.824
916,27709.44,220434.368
917,27710.592,159595.6908
918,27713.855999999996,130081.9116
919,27718.656,169834.5152
920,27718.656,168708.4448
921,27715.872,206656.47060000003
922,27715.872,250972.9951
923,27715.872,363164.53530000005
924,27715.872,279901.4365
925,27718.656,100537.8752
926,27720.0,110389.125
927,27720.575999999997,223092.88559999998
928,27721.92,348632.021
929,27724.992,286491.58400000003
930,27724.992,298188.065
931,27724.992,164068.4162
932,27726.336,118067.98079999999
933,27730.656,104105.50439999999
934,27729.12,243900.71800000002
935,27720.095999999998,100485.348
936,27720.095999999998,259760.3996
937,27723.84,115516.0
938,27724.992,173887.6842
939,27729.311999999998,115538.8
940,27726.624,115845.30090000002
941,27729.215999999997,184052.67119999998
942,27729.408,261205.24639999997
943,27730.559999999998,144430.0
944,27730.752,158007.514
945,27731.424,140794.7506
946,27731.807999999997,249846.25769999996
947,27730.464,126809.101
948,27731.807999999997,121124.44889999999
949,27731.807999999997,108905.121
950,27731.807999999997,187623.0135
951,27725.375999999997,133832.7004
952,27724.895999999997,112719.0303
953,27731.807999999997,604784.5128
954,27734.208,507420.4472
955,27734.399999999998,133645.14
956,27734.784,102214.2352
957,27730.559999999998,128253.84000000001
958,27727.487999999998,118332.8316
959,27731.807999999997,214545.9771
960,27735.36,150811.02
961,27736.224000000002,120219.19589999999
962,27733.535999999996,293715.47969999997
963,27738.239999999998,118812.128
964,27738.912,122340.15980000001
965,27735.36,143443.815
966,27738.912,210642.363
967,27743.039999999997,136287.684
968,27743.039999999997,183855.438
969,27743.039999999997,108111.159
970,27743.232,260612.9856
971,27744.0,453730.0
972,27746.784,174284.48700000002
973,27748.8,164642.88
974,27751.68,220972.752
975,27751.967999999997,162638.0958
976,27752.735999999997,137462.77049999998
977,27753.888,157040.7496
978,27754.272,256929.39090000003
979,27754.944,184223.4408
980,27755.52,144010.672
981,27757.44,230126.52599999998
982,27759.456,324698.8869
983,27753.695999999996,114339.4455
984,27754.272,184768.2837
985,27758.688,111988.9569
986,27750.432,144793.66030000002
987,27746.112,120406.56520000001
988,27738.239999999998,103787.248
989,27738.239999999998,346265.696
990,27738.239999999998,105347.52399999999
991,27743.039999999997,108631.341
992,27743.039999999997,144379.404
993,27746.592,345820.8055
994,27741.024,207017.3916
995,27741.024,199850.9604
996,27743.039999999997,246884.15699999998
997,27754.272,259675.9074
998,27755.807999999997,132273.7725
999,27755.904,134471.5724
1000,27733.728,170417.9807
1001,27735.935999999998,151305.3092
1002,27742.559999999998,188071.438
1003,27743.039999999997,249802.956
1004,27748.8,144553.905
1005,27742.752,152382.8451
1006,27684.575999999997,142056.4806
1007,27685.055999999997,102578.90019999999
1008,27696.575999999997,250827.1164
1009,27698.112,265728.76200000005
1010,27711.552,176199.2848
1011,27712.607999999997,183769.23179999998
1012,27712.704,111168.35740000001
1013,27707.615999999998,108838.9791
1014,27707.52,107597.53600000001
1015,27709.824,166893.9608
1016,27710.879999999997,212911.928
1017,27707.52,181946.048
1018,27706.847999999998,294789.3182
1019,27709.728,137624.98239999998
1020,27716.16,163669.699
1021,27716.255999999998,254527.6176
1022,27717.6,177623.62
1023,27734.208,296784.9154
1024,27741.504,182920.54200000002
1025,27741.792,135732.4969
1026,27742.368,127123.6217
1027,27742.464,197404.97040000002
1028,27742.175999999996,242426.16089999996
1029,27743.039999999997,384327.801
1030,27744.0,118750.1
1031,27745.92,139278.738
1032,27744.095999999998,170019.2883
1033,27744.095999999998,189902.55709999998
1034,27737.855999999996,105114.91679999999
1035,27741.12,112235.948
1036,27743.327999999998,111609.0966
1037,27737.184,278614.23470000003
1038,27732.864,182979.1256
1039,27735.935999999998,129347.69320000001
1040,27735.935999999998,340516.39759999997
1041,27735.935999999998,780708.8152
1042,27736.32,173669.812
1043,27739.392,120319.61279999999
1044,27734.496,125123.0231
1045,27742.272,303691.1838
1046,27738.239999999998,100493.33200000001
1047,27739.296,213650.3694
1048,27739.007999999998,253407.39599999998
1049,27740.064000000002,149911.9292
1050,27740.832,250621.0791
1051,27744.0,978062.7000000001
1052,27744.0,733193.0
1053,27747.84,252823.288
1054,27748.8,115677.81
1055,27756.48,181515.81399999998
1056,27762.336,435030.02129999996
1057,27762.816,318318.03719999996
1058,27763.2,148851.24000000002
1059,27764.544,115598.8358
1060,27765.504,249773.84639999998
1061,27766.752,184070.42680000002
1062,27768.768,165513.4276
1063,27762.528,132970.94139999998
1064,27763.007999999998,101913.3752
1065,27763.2,106743.72
1066,27763.2,250042.32000000004
1067,27766.464,162867.66540000003
1068,27771.84,209156.67
1069,27776.447999999997,141081.2088
1070,27777.024,130436.2752
1071,27758.592,169125.00480000002
1072,27758.976,123006.96239999997
1073,27760.224000000002,147331.6055
1074,27760.32,102771.018
1075,27762.144,142743.6904
1076,27772.032,133739.69160000002
1077,27760.032,103579.6194
1078,27772.415999999997,141841.8288
1079,27775.392,147325.30839999998
1080,27775.392,165784.371
1081,27777.024,174503.3664
1082,27776.832,201497.76880000002
1083,27776.928,207458.93099999998
1084,27777.024,106362.85440000001
1085,27779.807999999997,121652.4092
1086,27777.024,102977.52960000001
1087,27776.255999999998,118193.756
1088,27772.8,155151.59000000003
1089,27777.695999999996,122308.6677
1090,27781.44,199534.405
1091,27770.976,148111.872
1092,27770.879999999997,108769.28
1093,27770.879999999997,160290.048
1094,27772.8,159491.09
1095,27776.352,117036.8165
1096,27770.304,138186.18980000002
1097,27770.399999999998,140066.955
1098,27772.127999999997,101831.136
1099,27777.408,103499.7796
1100,27777.888,127546.8024
1101,27777.984,155932.87060000002
1102,27778.559999999998,117364.416
1103,27779.807999999997,187050.7072
1104,27786.336,100146.586
1105,27784.992,101762.5332
1106,27784.607999999997,163205.6297
1107,27778.656,104488.2571
1108,27778.656,119911.1984
1109,27780.287999999997,105420.40539999999
1110,27774.144,116593.54200000002
1111,27774.144,105917.8554
1112,27762.432,146880.6168
1113,27763.296,107900.89309999999
1114,27772.895999999997,205895.52169999998
1115,27774.912,135084.4418
1116,27774.528,114193.8146
1117,27775.392,136504.4786
1118,27772.8,134784.87
1119,27772.8,255885.85
1120,27766.752,322296.78910000005
1121,27766.752,107191.2322
1122,27766.752,153324.5337
1123,27760.8,213931.66499999998
1124,27760.895999999997,198316.90079999997
1125,27760.127999999997,170956.12159999998
1126,27765.6,109731.965
1127,27765.888,115777.9684
1128,27766.752,251173.41079999998
1129,27768.192,231401.6
1130,27770.399999999998,126355.32
1131,27774.912,116567.83380000001
1132,27774.912,250003.1402
1133,27767.424,119833.7892
1134,27765.215999999997,200690.4519
1135,27761.952,206566.2741
1136,27744.095999999998,106814.7696
1137,27745.92,171591.174
1138,27745.824,221417.4559
1139,27741.984,450604.9547
1140,27743.615999999998,106726.2228
1141,27746.015999999996,336073.6188
1142,27748.224000000002,193139.20080000002
1143,27751.392,101234.76539999999
1144,27745.44,285806.9335
1145,27745.44,243379.53149999998
1146,27762.816,242461.9264
1147,27763.775999999998,114380.973
1148,27767.424,250080.36240000004
1149,27772.512,100733.21540000002
1150,27770.976,289281.0
1151,27772.512,261321.9801
1152,27770.304,149410.021
1153,27770.399999999998,295465.485
1154,27767.615999999998,113615.82879999999
1155,27765.215999999997,280341.9153
1156,27764.447999999997,315589.2256
1157,27770.592,250051.0388
1158,27771.456,198565.9104
1159,27772.8,198604.45
1160,27770.976,289281.0
1161,27770.976,186354.8202
1162,27770.976,142470.8925
1163,27771.647999999997,305343.484
1164,27772.8,125440.48000000001
1165,27769.535999999996,255624.36419999998
1166,27772.8,265982.42000000004
1167,27777.311999999998,238827.0138
1168,27772.415999999997,313683.6528
1169,27772.512,117425.6523
1170,27772.992,622057.1603999999
1171,27773.088,131893.2377
1172,27773.184,180438.90480000002
1173,27773.28,423426.79799999995
1174,27773.375999999997,108374.0276
1175,27773.471999999998,157585.5229
1176,27773.568,209545.7844
1177,27773.76,174685.378
1178,27773.855999999996,211804.5831
1179,27772.512,369808.3551
1180,27776.64,189893.842
1181,27777.311999999998,254364.94770000002
1182,27777.6,116897.4
1183,27782.399999999998,187733.78
1184,27784.224000000002,148703.4822
1185,27786.432,104401.72940000001
1186,27790.464,388545.42480000004
1187,27786.239999999998,115776.0
1188,27786.239999999998,109524.09599999999
1189,27771.84,189137.802
1190,27771.84,142996.047
1191,27777.792,189178.3376
1192,27782.592,102419.3678
1193,27782.592,104734.58380000001
1194,27785.088,114497.7168
1195,27784.32,153942.498
1196,27784.895999999997,133743.75460000001
1197,27785.088,174467.1984
1198,27785.184,276694.124
1199,27791.52,180036.9405
1200,27791.615999999998,385261.2768
1201,27792.0,1208836.2
1202,27791.904,236665.43250000002
1203,27792.0,115857.9
1204,27793.92,302808.968
1205,27790.656,261897.9842
1206,27783.744,136313.994
1207,27773.855999999996,182323.79219999997
1208,27772.895999999997,215500.3149
1209,27773.76,194213.803
1210,27773.952,121713.5584
1211,27777.504,282693.973
1212,27781.44,124813.90699999999
1213,27781.92,110693.58750000001
1214,27781.728,102966.0294
1215,27783.84,184386.29650000003
1216,27784.8,136898.02500000002
1217,27787.68,141022.476
1218,27787.967999999997,425445.3684
1219,27788.928,128408.0048
1220,27788.735999999997,159756.2854
1221,27791.424,117505.61460000002
1222,27791.52,100165.27
1223,27792.095999999998,126135.5857
1224,27777.12,133677.39
1225,27775.296,220379.61419999998
1226,27775.2,169312.99000000002
1227,27788.16,101426.784
1228,27786.432,130335.7326
1229,27790.656,121381.47979999999
1230,27792.672,130075.49510000001
1231,27794.879999999997,144475.47
1232,27795.36,394549.3445
1233,27796.8,124853.96
1234,27797.76,157260.036
1235,27799.2,103523.0625
1236,27801.504,129132.1941
1237,27801.504,175757.6331
1238,27810.528,106172.48449999999
1239,27810.816,118398.75519999999
1240,27810.816,139112.01919999998
1241,27811.2,213769.62999999998
1242,27813.695999999996,159233.4096
1243,27815.327999999998,112739.0013
1244,27815.039999999997,207395.89200000002
1245,27817.92,105157.533
1246,27811.967999999997,157456.29799999998
1247,27813.215999999997,156710.08889999997
1248,27818.015999999996,217675.9752
1249,27818.112,264069.22359999997
1250,27818.592,250019.5956
1251,27820.8,120643.74
1252,27811.296,134392.2939
1253,27814.847999999998,112650.1344
1254,27811.584,141259.6704
1255,27810.528,172309.3964
1256,27810.432,336303.4428
1257,27811.584,106234.4568
1258,27810.528,324224.4056
1259,27802.175999999996,152564.44079999998
1260,27792.864,245851.04280000002
1261,27794.208,114361.585
1262,27794.784,143924.8659
1263,27796.032,146566.16040000002
1264,27795.744,147201.6276
1265,27792.768,282530.8572
1266,27792.095999999998,177029.8615
1267,27787.2,497882.945
1268,27791.039999999997,153921.833
1269,27792.96,118120.08
1270,27792.96,225354.584
1271,27784.895999999997,595580.8228
1272,27785.28,308271.893
1273,27786.239999999998,100464.624
1274,27792.0,108157.20000000001
1275,27790.272,143438.331
1276,27790.272,153888.6312
1277,27804.287999999997,250354.4432
1278,27810.528,311362.0364
1279,27815.52,144408.908
1280,27810.432,349223.706
1281,27810.432,146931.7824
1282,27810.528,358871.6884
1283,27815.712,148698.1604
1284,27815.712,198969.2649
1285,27816.672,158873.76309999998
1286,27816.768,103849.2672
1287,27820.895999999997,129048.38530000001
1288,27826.079999999998,147594.166
1289,27823.872,115411.1024
1290,27823.872,128134.72720000001
1291,27822.624,425019.5635
1292,27825.504,231183.56240000002
1293,27823.007999999998,272607.5138
1294,27827.232,114410.5049
1295,27825.695999999996,306140.62619999994
1296,27830.112,198898.3317
1297,27828.095999999998,100123.1704
1298,27828.672,100183.2192
1299,27828.575999999997,110241.74429999999
1300,27828.96,131578.8015
1301,27829.055999999997,144189.2964
1302,27829.152,124883.3196
1303,27830.015999999996,255601.3032
1304,27830.112,223916.44280000002
1305,27828.864,120707.6976
1306,27830.399999999998,174403.84
1307,27830.208,336339.6596
1308,27832.8,325469.80500000005
1309,27832.895999999997,271863.6102
1310,27833.28,222057.387
1311,27832.992,102982.0704
1312,27834.816,140246.88019999999
1313,27838.079999999998,116542.962
1314,27839.039999999997,308056.377
1315,27839.904,155352.46430000002
1316,27836.544,157914.3944
1317,27836.735999999997,262738.1926
1318,27837.215999999997,117902.20859999998
1319,27829.055999999997,154190.3634
1320,27822.144,199160.1808
1321,27825.695999999996,134896.6554
1322,27829.44,132160.851
1323,27827.807999999997,149777.3791
1324,27834.624,111396.4848
1325,27828.384000000002,146968.65300000002
1326,27821.952,514735.0932
1327,27823.2,244409.4225
1328,27827.232,123773.20899999999
1329,27817.44,147780.15
1330,27816.768,106891.7262
1331,27812.16,315523.161
1332,27813.215999999997,116294.0094
1333,27813.6,207761.79750000002
1334,27814.464,127338.093
1335,27814.656,172277.0256
1336,27802.079999999998,428673.321
1337,27809.28,178935.33599999998
1338,27810.528,116978.0334
1339,27810.719999999998,144123.26249999998
1340,27810.816,267737.0432
1341,27811.2,117849.95999999999
1342,27815.52,102395.883
1343,27816.864,297495.5653
1344,27818.112,154158.704
1345,27821.855999999996,134356.3796
1346,27822.239999999998,107028.6795
1347,27818.976,211279.3271
1348,27822.144,173917.3814
1349,27822.239999999998,221041.9005
1350,27822.816,182558.2479
1351,27824.064000000002,169089.1556
1352,27824.352,306444.66010000004
1353,27813.888,483613.9776
1354,27814.079999999998,103230.799
1355,27808.512,455654.05600000004
1356,27816.192,351353.2752
1357,27814.175999999996,134116.47989999998
1358,27804.192,103367.8763
1359,27804.192,232078.1151
1360,27804.96,177488.328
1361,27801.695999999996,133245.4201
1362,27811.872,170202.86250000002
1363,27811.872,113767.93890000001
1364,27811.872,240225.0444
1365,27818.592,608531.7000000001
1366,27803.615999999998,116775.1872
1367,27795.935999999998,250684.59779999996
1368,27791.232,274148.924
1369,27791.232,139795.6868
1370,27786.624,282902.5656
1371,27793.728,184770.3876
1372,27791.807999999997,101063.7518
1373,27795.456,107475.7632
1374,27795.935999999998,124270.99719999998
1375,27797.664,229996.7137
1376,27799.68,134944.28
1377,27799.68,117974.89199999999
1378,27802.464,188245.85
1379,27803.52,145765.746
1380,27800.928,148648.0869
1381,27799.775999999998,314542.8822
1382,27783.935999999998,108010.0512
1383,27775.296,234267.26219999997
1384,27775.296,251453.2266
1385,27774.719999999998,172174.332
1386,27771.744,119042.42350000002
1387,27768.384000000002,138986.547
1388,27768.384000000002,289456.4778
1389,27768.48,144627.5
1390,27768.48,174247.212
1391,27771.167999999998,157109.5973
1392,27771.744,253417.16400000002
1393,27771.264,347892.9384
1394,27759.456,223290.1242
1395,27755.807999999997,448111.7377
1396,27756.864,153703.6344
1397,27767.712,140602.9667
1398,27767.807999999997,212134.4832
1399,27767.904,566899.1151
1400,27773.568,202023.77639999997
1401,27770.592,137493.3581
1402,27777.504,122336.7572
1403,27763.967999999997,141017.82080000002
1404,27772.8,111264.78
1405,27776.928,126819.03689999999
1406,27782.399999999998,108177.72
1407,27783.264,246142.35450000004
1408,27790.272,117240.20999999999
1409,27790.079999999998,108323.416
1410,27791.136,115796.4
1411,27791.904,381964.98060000007
1412,27791.904,176333.8409
1413,27791.904,104045.9406
1414,27791.904,107346.22920000002
1415,27791.136,132615.8271
1416,27790.656,240504.96879999997
1417,27792.0,166028.25
1418,27792.0,2972007.0
1419,27799.967999999997,246927.42409999997
1420,27798.048,185667.79559999998
1421,27803.039999999997,156797.561
1422,27801.408,173758.8
1423,27801.408,273612.1904
1424,27805.824,179347.56480000002
1425,27800.064000000002,194513.5728
1426,27792.095999999998,101933.30209999999
1427,27793.535999999996,335462.18919999996
1428,27795.552,248335.8849
1429,27796.992,349605.0848
1430,27800.832,110276.6336
1431,27801.6,132897.44
1432,27796.992,194202.5264
1433,27799.872,122377.3532
1434,27799.775999999998,411407.7267
1435,27798.719999999998,127005.402
1436,27795.552,149198.4161
1437,27794.304,281735.8044
1438,27799.584,247010.887
1439,27797.855999999996,124945.5715
1440,27796.895999999997,257555.61449999997
1441,27801.408,114593.9286
1442,27801.695999999996,173992.28079999998
1443,27790.175999999996,326158.24269999994
1444,27790.272,113679.58140000001
1445,27791.52,131025.43699999999
1446,27787.2,865397.61
1447,27798.432,154339.211
1448,27802.559999999998,222681.12900000002
1449,27808.032,259976.1325
1450,27810.432,207651.2256
1451,27810.624,313188.18340000004
1452,27810.816,171789.72799999997
1453,27806.592,132341.9988
1454,27806.784,399780.4508
1455,27808.992,226382.5755
1456,27815.136,401088.4663
1457,27815.904,146699.9187
1458,27808.607999999997,181364.2653
1459,27807.264,102973.77450000001
1460,27804.192,172530.8039
1461,27782.496,299645.79539999994
1462,27774.624,384996.7933
1463,27774.624,106006.48160000001
1464,27777.695999999996,223668.323
1465,27779.712,110106.046
1466,27781.055999999997,119342.78639999998
1467,27782.592,130259.8402
1468,27795.072,129189.17839999999
1469,27795.072,210750.3428
1470,27795.167999999998,163470.33179999999
1471,27794.784,331597.5637
1472,27794.784,180000.1793
1473,27795.935999999998,531597.276
1474,27798.912,139863.276
1475,27803.807999999997,232480.38209999996
1476,27792.864,111924.17940000001
1477,27795.84,120506.548
1478,27797.471999999998,115851.75570000001
1479,27796.992,162612.4032
1480,27796.992,105628.5696
1481,27796.8,293082.51
1482,27796.127999999997,347277.87419999996
1483,27796.8,431168.905
1484,27796.8,124825.005
1485,27799.68,107376.26400000001
1486,27800.16,140941.0195
1487,27800.928,103790.1312
1488,27797.184,114866.0718
1489,27798.144,110323.884
1490,27787.296,127155.8243
1491,27787.296,120758.95719999999
1492,27780.384000000002,144689.5
1493,27774.528,118186.40299999999
1494,27774.528,306214.1712
1495,27776.64,110817.22
1496,27777.504,118170.1316
1497,27786.624,152826.432
1498,27777.695999999996,598869.7646999999
1499,27774.816,137196.0182
1500,27777.504,202544.30000000002
1501,27782.399999999998,159864.56
1502,27780.48,216311.55
1503,27783.264,144704.5
1504,27777.695999999996,265826.76369999995
1505,27785.28,174526.29
1506,27787.392,151991.2452
1507,27787.967999999997,254115.1782
1508,27792.0,344562.89999999997
1509,27792.0,370560.0
1510,27786.144,115775.6
1511,27786.144,100203.78180000001
1512,27786.144,207440.9313
1513,27786.239999999998,647795.664
1514,27791.712,104189.97030000002
1515,27779.807999999997,132851.1443
1516,27784.415999999997,142945.0319
1517,27779.712,264196.63600000006
1518,27784.32,131512.44799999997
1519,27784.704,117853.45280000001
1520,27785.952,107960.001
1521,27784.415999999997,255211.43779999999
1522,27786.048,155051.93660000002
1523,27778.559999999998,242367.936
1524,27778.559999999998,179808.304
1525,27780.864,168189.98080000002
1526,27778.656,130212.45
1527,27777.792,650289.6848
1528,27777.984,631572.9758000001
1529,27784.8,123295.04999999999
1530,27785.952,329263.53119999997
1531,27787.2,143046.19
1532,27787.2,224410.585
1533,27788.544,115090.8864
1534,27790.559999999998,104822.5185
1535,27792.0,838015.65
1536,27792.0,530798.25
1537,27792.0,255136.35
1538,27796.8,195706.845
1539,27800.064000000002,384828.1776
1540,27801.504,223860.02700000003
1541,27801.408,209784.79119999998
1542,27801.311999999998,122991.8459
1543,27801.504,100375.01340000001
1544,27801.6,602860.32
1545,27809.28,485532.648
1546,27809.568,345794.59709999996
1547,27808.415999999997,146544.5589
1548,27802.944,153234.7674
1549,27804.48,104701.24500000001
1550,27804.768,109104.7511
1551,27804.768,277671.1571
1552,27806.879999999997,165914.384
1553,27808.32,423642.375
1554,27806.496,363512.005
1555,27804.575999999997,107076.58069999999
1556,27801.408,198461.50939999998
1557,27801.408,312302.4832
1558,27802.559999999998,104114.79500000001
1559,27804.575999999997,140586.8874
1560,27805.44,197708.264
1561,27803.039999999997,237368.454
1562,27803.039999999997,111791.39
1563,27792.192,100949.3474
1564,27792.192,224624.6018
1565,27783.744,101150.19300000001
1566,27789.215999999997,142767.09720000002
1567,27789.215999999997,129885.63769999999
1568,27790.079999999998,100710.092
1569,27785.855999999996,279537.2888
1570,27789.984,140802.5856
1571,27790.079999999998,114460.392
1572,27790.079999999998,445712.356
1573,27791.232,327125.96
1574,27793.344,151502.6762
1575,27794.688,289528.0
1576,27796.415999999997,107682.1574
1577,27797.184,123263.1378
1578,27797.664,149354.53220000002
1579,27798.719999999998,176550.829
1580,27799.296,351574.2216
1581,27801.504,209380.07700000002
1582,27801.504,220355.87910000002
1583,27801.695999999996,110540.7017
1584,27804.575999999997,119356.9351
1585,27796.512,117932.49310000002
1586,27797.76,133863.58800000002
1587,27802.847999999998,131976.6441
1588,27802.752,390310.0924
1589,27806.592,137121.2568
1590,27808.8,112741.51
1591,27809.28,184062.672
1592,27809.375999999997,181890.69989999998
1593,27797.855999999996,920659.1995
1594,27790.175999999996,289481.0
1595,27790.175999999996,264527.7378
1596,27793.44,112042.30500000001
1597,27783.264,123461.8794
1598,27783.264,154544.40600000002
1599,27785.088,181702.89839999998
1600,27779.615999999998,142746.7143
1601,27782.015999999996,130488.6564
1602,27778.272,166901.1176
1603,27778.656,115744.4
1604,27782.496,194506.4121
1605,27786.528,128252.1933
1606,27787.104,112595.66100000001
1607,27787.2,130252.5
1608,27781.535999999996,222165.47069999998
1609,27782.304,345716.0454
1610,27776.16,270441.42449999996
1611,27776.735999999997,108676.47959999999
1612,27774.624,150821.9947
1613,27774.432,401600.9277
1614,27776.352,102743.5687
1615,27762.432,126029.87359999999
1616,27763.2,232169.76
1617,27765.024,249451.3875
1618,27765.024,145159.0161
1619,27772.704,167793.42
1620,27772.704,108805.3539
1621,27772.704,124716.79890000001
1622,27775.487999999998,219976.0784
1623,27773.184,106463.872
1624,27773.28,103715.8425
1625,27775.487999999998,272720.5728
1626,27770.399999999998,331711.6425
1627,27772.8,116125.02
1628,27770.688,137812.0392
1629,27772.8,117600.45000000001
1630,27762.912,101739.5046
1631,27762.336,147747.6819
1632,27762.336,154456.9131
1633,27762.336,151073.3784
1634,27759.456,255733.98839999997
1635,27756.48,112963.091
1636,27764.832,115831.4085
1637,27764.832,166964.9741
1638,27750.719999999998,100307.29000000001
1639,27750.432,299964.82590000005
1640,27751.007999999998,124474.8338
1641,27751.584,165757.89860000001
1642,27752.447999999997,117138.45759999998
1643,27754.656,280119.6479
1644,27752.16,110603.921
1645,27744.864,210918.76820000002
1646,27747.744,262187.2769
1647,27751.007999999998,233339.72559999998
1648,27751.104,401841.7674
1649,27751.296,106755.7668
1650,27748.992,246937.1236
1651,27748.992,153688.94840000002
1652,27748.992,270552.67199999996
1653,27749.088,211528.98539999998
1654,27750.912,173443.2
1655,27750.912,202408.2144
1656,27748.992,172448.42320000002
1657,27749.088,289110.8106
1658,27749.088,174559.10669999997
1659,27750.912,650412.0
1660,27750.912,116120.22240000001
1661,27750.912,416755.10240000003
1662,27729.695999999996,115020.4682
1663,27729.695999999996,635616.6255
1664,27730.175999999996,245643.14239999998
1665,27730.464,260695.24750000003
1666,27733.344,165533.39700000003
1667,27735.36,1088063.9510000001
1668,27735.456,125936.30489999999
1669,27736.224000000002,137698.7954
1670,27736.8,185778.775
1671,27737.28,167232.684
1672,27737.28,150041.349
1673,27738.336,185500.122
1674,27738.239999999998,111501.946
1675,27738.048,144555.6814
1676,27737.184,287802.1769
1677,27734.496,396083.271
1678,27741.311999999998,178758.0792
1679,27732.384000000002,112085.052
1680,27727.392,108165.7115
1681,27731.039999999997,134379.998
1682,27731.52,162836.019
1683,27731.904,175982.0408
1684,27731.712,173323.2
1685,27719.424,114631.36800000002
1686,27723.647999999997,204173.116
1687,27725.088,688044.2672
1688,27722.976,164807.3167
1689,27719.712,112120.4601
1690,27719.136,173793.2079
1691,27714.719999999998,112417.833
1692,27713.375999999997,110074.0653
1693,27709.535999999996,243901.64499999996
1694,27710.304,154513.8097
1695,27710.496,181763.5347
1696,27711.36,175187.754
1697,27714.719999999998,123330.504
1698,27716.255999999998,173226.59999999998
1699,27716.64,122299.674
1700,27717.6,142456.915
1701,27718.175999999996,139023.9765
1702,27722.688,121373.3934
1703,27725.855999999996,126528.0991
1704,27733.92,130493.87150000001
1705,27744.0,193456.6
1706,27745.632,145202.1408
1707,27748.415999999997,296272.14999999997
1708,27748.8,176522.835
1709,27748.895999999997,186640.2307
1710,27748.992,750350.0868
1711,27751.584,170209.7152
1712,27750.816,181536.588
1713,27751.68,581021.892
1714,27752.64,282238.567
1715,27753.6,187799.36000000002
1716,27756.672,170530.05359999998
1717,27758.399999999998,139081.15
1718,27759.744,128793.6456
1719,27758.879999999997,235083.015
1720,27760.415999999997,255366.91009999998
1721,27760.32,141433.047
1722,27760.704,341427.7418
1723,27756.575999999997,160062.92159999997
1724,27755.615999999998,326562.16949999996
1725,27762.336,122703.74130000001
1726,27761.375999999997,467547.84079999995
1727,27761.375999999997,116944.79639999998
1728,27761.375999999997,116048.33529999999
1729,27757.344,165474.24970000001
1730,27752.735999999997,387728.8492
1731,27759.264,302604.8935
1732,27759.647999999997,129255.86099999999
1733,27761.375999999997,131721.94549999997
1734,27761.471999999998,411939.75899999996
1735,27757.055999999997,192506.7488
1736,27757.055999999997,171862.43839999998
1737,27763.2,158018.88
1738,27764.832,115744.6434
1739,27764.832,149987.9362
1740,27764.832,115455.4264
1741,27765.024,131797.0983
1742,27766.847999999998,116042.28559999999
1743,27765.311999999998,136657.395
1744,27765.504,105769.21680000001
1745,27761.664,139733.7088
1746,27764.832,143683.0056
1747,27767.52,109334.61
1748,27772.224000000002,135302.8038
1749,27772.8,109413.26
1750,27773.664,120352.54400000001
1751,27775.392,100136.0747
1752,27774.816,175559.98279999997
1753,27772.992,191980.8072
1754,27760.512,203056.5784
1755,27760.895999999997,145310.94
1756,27754.944,115645.6
1757,27740.16,123357.024
1758,27740.544,243307.68800000002
1759,27746.496,121390.92
1760,27746.496,294488.5914
1761,27742.752,404812.9896
1762,27733.92,148463.1405
1763,27734.399999999998,401195.43
1764,27736.127999999997,126690.54299999999
1765,27736.704,124555.1364
1766,27738.816,245950.8352
1767,27739.007999999998,966588.8496
1768,27739.872,346806.1914
1769,27740.064000000002,276591.5548
1770,27739.104,142191.8029
1771,27740.928,173323.0064
1772,27746.399999999998,157056.185
1773,27746.879999999997,182117.803
1774,27749.76,131955.89
1775,27753.695999999996,145764.7242
1776,27754.272,269042.9742
1777,27763.2,144600.0
1778,27748.512,831154.6485
1779,27750.528,352865.3076
1780,27750.336,111290.41
1781,27750.816,325725.2028
1782,27753.695999999996,138826.30019999997
1783,27754.272,332183.943
1784,27760.704,157860.0866
1785,27760.992,153668.65780000002
1786,27763.104,101277.4898
1787,27757.152,163998.50639999998
1788,27760.32,213956.883
1789,27761.76,117640.45799999998
1790,27763.104,580971.8711
1791,27763.2,624411.7200000001
1792,27763.392,115796.48079999999
1793,27758.688,289153.0
1794,27767.039999999997,144620.0
1795,27761.375999999997,701784.4508
1796,27761.471999999998,210813.678
1797,27761.76,173539.9185
1798,27761.855999999996,231204.207
1799,27761.952,106941.3526
1800,27767.039999999997,171837.484
1801,27769.248,111568.7391
1802,27773.088,122982.7053
1803,27773.855999999996,100361.98589999999
1804,27774.624,120269.90830000001
1805,27772.895999999997,124717.6611
1806,27772.895999999997,248596.34929999997
1807,27775.487999999998,363309.1696
1808,27776.447999999997,265843.75440000003
1809,27776.447999999997,130202.09999999999
1810,27776.447999999997,107199.729
1811,27774.432,208076.7864
1812,27775.967999999997,101787.34939999999
1813,27776.352,106042.0105
1814,27776.544,325998.2513
1815,27775.007999999998,253736.27099999998
1816,27776.544,915671.1333
1817,27782.399999999998,106094.04
1818,27782.496,107541.4116
1819,27774.912,177672.6402
1820,27774.912,149434.813
1821,27774.912,161586.337
1822,27779.136,205768.16259999998
1823,27779.712,121420.49119999999
1824,27779.136,465589.894
1825,27780.48,195360.43800000002
1826,27782.592,264513.428
1827,27783.072,110495.5926
1828,27782.976,106790.814
1829,27784.512,121470.4134
1830,27771.647999999997,127286.72
1831,27754.847999999998,231290.4
1832,27754.847999999998,534887.9613
1833,27754.847999999998,249649.07549999998
1834,27752.064000000002,556717.9672
1835,27757.824,187538.7984
1836,27762.239999999998,145693.92200000002
1837,27762.239999999998,205758.685
1838,27762.239999999998,145173.37999999998
1839,27749.568,127330.049
1840,27749.568,149674.2324
1841,27750.048,112040.8188
1842,27748.32,134116.88
1843,27751.392,367908.2979
1844,27751.487999999998,137051.8798
1845,27740.255999999998,191147.7015
1846,27740.255999999998,250298.01820000002
1847,27740.255999999998,356144.43249999994
1848,27741.6,119982.42
1849,27737.375999999997,127447.46409999998
1850,27713.088,108254.25
1851,27715.2,114469.55
1852,27717.984,182245.74480000001
1853,27723.264,167494.72
1854,27723.552,419174.33050000004
1855,27724.8,149020.80000000002
1856,27726.336,146747.4096
1857,27727.68,129020.36099999999
1858,27728.255999999998,173734.854
1859,27729.408,254763.93600000002
1860,27729.504,258259.89090000003
1861,27729.6,118081.88
1862,27729.888,186599.038
1863,27731.712,122799.48720000002
1864,27731.807999999997,187045.2675
1865,27732.575999999997,144440.5
1866,27729.888,101242.97649999999
1867,27728.64,171311.00400000002
1868,27738.239999999998,253515.95599999998
1869,27738.239999999998,209163.666
1870,27741.024,113824.8891
1871,27742.464,116402.7552
1872,27744.0,144066.5
1873,27743.904,186404.355
1874,27743.424,109470.9272
1875,27743.039999999997,178711.416
1876,27742.847999999998,127963.88639999999
1877,27742.368,184111.0693
1878,27744.192,168285.86460000003
1879,27744.287999999997,115369.9976
1880,27746.208,451800.7536
1881,27746.399999999998,291337.2
1882,27746.496,2355243.9714
1883,27747.264,189028.236
1884,27751.775999999998,409020.70689999993
1885,27753.6,603929.9
1886,27753.504,309220.2904
1887,27753.12,246511.30649999998
1888,27753.792,181758.42740000002
1889,27756.96,192101.294
1890,27757.248,582641.9837999999
1891,27757.344,141533.5405
1892,27751.872,136793.6024
1893,27754.559999999998,196392.423
1894,27744.192,231432.80159999998
1895,27744.575999999997,160542.83299999998
1896,27740.16,124137.216
1897,27740.16,115584.0
1898,27736.992,219902.3397
1899,27736.992,498630.2166
1900,27724.895999999997,115520.4
1901,27724.895999999997,115375.99949999999
1902,27705.6,135584.28
1903,27702.912,536657.3484
1904,27704.255999999998,184089.00939999998
1905,27705.311999999998,152696.67270000002
1906,27705.792,187418.1388
1907,27705.695999999996,140692.9875
1908,27706.656,119484.95399999998
1909,27708.0,145380.4125
1910,27705.695999999996,330390.4248
1911,27705.695999999996,192756.6079
1912,27709.344,101081.3778
1913,27711.456,114973.67629999999
1914,27711.456,139971.7189
1915,27711.456,236009.2336
1916,27711.456,153856.313
1917,27711.456,100396.2958
1918,27711.456,125769.5977
1919,27713.952,101704.43010000001
1920,27730.272,155491.7231
1921,27727.296,152788.954
1922,27729.024,187401.98720000003
1923,27731.807999999997,105178.6593
1924,27731.807999999997,165408.67979999998
1925,27732.575999999997,554564.8557
1926,27737.28,133630.125
1927,27741.311999999998,189218.86560000002
1928,27743.039999999997,266766.669
1929,27744.0,116495.9
1930,27744.864,124736.2844
1931,27746.208,111794.0964
1932,27746.399999999998,319835.065
1933,27746.496,116159.5494
1934,27747.744,184031.1313
1935,27747.647999999997,152438.64119999998
1936,27747.84,131310.872
1937,27748.895999999997,228610.43589999998
1938,27748.224000000002,258116.29200000002
1939,27749.28,120044.54149999999
1940,27750.336,164131.67479999998
1941,27746.688,122692.386
1942,27746.688,144514.0
1943,27746.688,115611.2
1944,27744.095999999998,140945.7877
1945,27741.695999999996,166132.3024
1946,27743.039999999997,280840.482
1947,27744.0,131061.5
1948,27742.752,120363.0855
1949,27745.535999999996,251270.5104
1950,27733.535999999996,140632.13880000002
1951,27732.672,317770.2
1952,27732.0,493022.9625
1953,27732.095999999998,598782.1728000001
1954,27727.296,101724.51719999999
1955,27735.456,669146.7671
1956,27736.992,326574.1881
1957,27739.007999999998,213214.72919999997
1958,27739.2,124479.65999999999
1959,27739.2,100265.65000000001
1960,27739.2,374854.835
1961,27741.984,102934.3198
1962,27741.984,230576.34410000002
1963,27728.64,292912.64400000003
1964,27729.6,144482.77
1965,27738.336,132652.8131
1966,27744.0,131495.0
1967,27741.695999999996,288976.0
1968,27743.712,225475.4594
1969,27743.807999999997,174381.3932
1970,27743.807999999997,100311.2058
1971,27747.744,109198.9342
1972,27747.744,144519.5
1973,27744.672,112192.51740000001
1974,27740.64,288965.0
1975,27740.64,249839.13900000002
1976,27740.64,516813.9025
1977,27742.175999999996,160615.63979999998
1978,27740.64,144482.5
1979,27740.64,284399.353
1980,27738.816,252914.4338
1981,27733.248,181017.2208
1982,27733.152,125319.1806
1983,27720.095999999998,144491.0004
1984,27709.344,173529.76679999998
1985,27714.336,114119.5523
1986,27714.336,214295.32929999998
1987,27715.104,100582.7316
1988,27714.144,376132.8981
1989,27711.647999999997,107007.37409999999
1990,27715.68,177611.316
1991,27715.296,130290.76129999998
1992,27715.296,165454.54309999998
1993,27717.12,131252.112
1994,27718.656,106023.8592
1995,27718.944,144918.1041
1996,27719.039999999997,157940.78
1997,27719.039999999997,260212.488
1998,27721.632,241264.82850000003
1999,27721.632,111954.9659
2000,27723.264,246737.04960000003
2001,27722.112,216116.96480000002
2002,27719.52,288745.0
2003,27720.0,199901.625
2004,27720.0,115759.87500000001
2005,27723.264,115513.6
2006,27712.512,115497.66720000001
2007,27706.559999999998,144507.027
2008,27702.528,128210.76239999999
2009,27702.528,131789.0056
2010,27702.528,275351.5856
2011,27702.239999999998,178881.4435
2012,27707.712,225760.12840000002
2013,27710.015999999996,459986.2656
2014,27710.015999999996,128447.47
2015,27706.752,290718.8676
2016,27709.248,131041.652
2017,27705.695999999996,308139.2877
2018,27700.895999999997,152297.21779999998
2019,27700.895999999997,243565.8991
2020,27697.152,126772.1728
2021,27697.152,507377.2032
2022,27698.784,157998.4804
2023,27701.088,187415.1735
2024,27701.664,132621.7164
2025,27699.744,174190.99430000002
2026,27697.92,151761.52
2027,27712.032,119623.6048
2028,27703.872,109690.0182
2029,27703.872,215109.0228
2030,27695.52,183540.519
2031,27695.904,439499.3766
2032,27695.904,703677.9109
2033,27696.0,122583.65
2034,27696.0,328745.75
2035,27696.0,1348102.8
2036,27696.0,118458.09999999999
2037,27696.0,465350.5
2038,27696.0,838438.7000000001
2039,27696.0,5491972.55
2040,27705.12,185970.618
2041,27705.12,132869.138
2042,27707.327999999998,179376.087
2043,27712.032,133537.3542
2044,27713.28,118301.064
2045,27703.296,296280.97919999994
2046,27705.12,326833.83749999997
2047,27703.584,115662.46320000001
2048,27699.167999999998,513155.94049999997
2049,27696.095999999998,127113.54059999998
2050,27699.072,100149.4572
2051,27684.0,184531.1625
2052,27688.512,784104.0492
2053,27690.239999999998,209782.41199999998
2054,27690.239999999998,104703.72
2055,27690.239999999998,118808.43599999999
2056,27690.239999999998,106030.54400000001
2057,27690.239999999998,225156.264
2058,27690.239999999998,121490.928
2059,27688.415999999997,199962.2793
2060,27688.415999999997,153122.7089
2061,27689.184,126822.23130000001
2062,27689.184,139974.5937
2063,27691.296,140591.01739999998
2064,27691.487999999998,103006.5663
2065,27694.464,225219.45880000002
2066,27696.0,203334.8
2067,27700.415999999997,217217.42879999997
2068,27699.935999999998,116166.60659999998
2069,27700.704,127567.51290000002
2070,27703.775999999998,109891.6448
2071,27703.775999999998,144694.5134
2072,27705.6,100317.36
2073,27707.807999999997,302765.527
2074,27707.807999999997,173173.8
2075,27709.92,101343.2595
2076,27712.704,117461.45060000001
2077,27709.44,145359.104
2078,27709.44,161089.98400000003
2079,27714.239999999998,149166.123
2080,27713.375999999997,238825.79129999998
2081,27711.456,288863.06269999995
2082,27711.456,169011.0155
2083,27712.415999999997,255242.8982
2084,27713.664,218187.3672
2085,27714.239999999998,111982.851
2086,27714.239999999998,113801.598
2087,27714.239999999998,148011.36299999998
2088,27711.072,288657.0
2089,27711.072,203272.2594
2090,27711.84,145025.296
2091,27711.935999999998,571558.6799999999
2092,27714.048,130313.7632
2093,27713.952,238975.09860000003
2094,27712.224000000002,263064.0597
2095,27712.415999999997,118066.43899999998
2096,27703.872,288582.0
2097,27703.872,144348.7164
2098,27703.2,230311.7075
2099,27696.575999999997,155966.3436
2100,27696.575999999997,131327.9312
2101,27696.48,106285.242
2102,27699.456,242023.9968
2103,27699.456,502427.73679999996
2104,27703.007999999998,170488.9284
2105,27703.296,149655.51359999998
2106,27691.68,124785.63299999999
2107,27691.68,331261.722
2108,27693.984,223051.9628
2109,27693.792,140459.4513
2110,27686.399999999998,158245.08000000002
2111,27685.248,1020749.3260000001
2112,27686.399999999998,1686015.24
2113,27686.399999999998,369353.88
2114,27686.399999999998,178634.96
2115,27683.712,141648.3264
2116,27678.336,852002.6116
2117,27679.967999999997,115390.8666
2118,27680.064000000002,133123.8078
2119,27680.16,123551.5475
2120,27680.16,196788.6375
2121,27680.16,168243.4725
2122,27680.255999999998,525665.3616000001
2123,27680.544,276315.2637
2124,27681.792,121107.84000000001
2125,27684.768,336023.87159999995
2126,27684.575999999997,173057.4381
2127,27684.48,545614.9600000001
2128,27684.287999999997,117629.3862
2129,27684.192,217666.9596
2130,27684.672,180757.8376
2131,27685.92,333528.8175
2132,27685.728,377506.437
2133,27684.768,151372.23669999998
2134,27685.055999999997,329250.2962
2135,27686.208,115647.598
2136,27686.304,173039.40000000002
2137,27686.399999999998,5533501.96
2138,27686.496,316952.69899999996
2139,27686.592,225674.565
2140,27687.744,153840.0276
2141,27687.935999999998,179135.1776
2142,27694.559999999998,418793.67449999996
2143,27696.0,140557.19999999998
2144,27696.0,137210.6
2145,27696.0,101436.6
2146,27691.296,144225.5
2147,27681.12,142644.2715
2148,27681.12,115338.0
2149,27681.12,284625.3495
2150,27684.575999999997,193647.84149999998
2151,27686.208,107053.3376
2152,27686.208,129980.97859999999
2153,27686.399999999998,111207.04
2154,27686.399999999998,141402.52
2155,27686.399999999998,113168.16
2156,27685.152,271574.0379
2157,27683.039999999997,131234.91150000002
2158,27678.912,330244.0188
2159,27678.912,157279.651
2160,27679.104,418646.44800000003
2161,27679.584,145894.474
2162,27680.64,146188.38
2163,27680.64,212362.41
2164,27681.695999999996,136966.725
2165,27681.695999999996,111620.6721
2166,27681.888,212487.3257
2167,27682.944,411466.59160000004
2168,27682.944,135386.89800000002
2169,27683.039999999997,112116.31199999999
2170,27683.52,252006.54300000003
2171,27685.152,193276.9674
2172,27684.672,144623.573
2173,27682.175999999996,140429.372
2174,27681.6,183448.27
2175,27681.6,216262.5
2176,27676.8,429105.72000000003
2177,27677.184,136973.23040000003
2178,27680.64,207287.626
2179,27681.6,122260.40000000001
2180,27683.424,248458.7304
2181,27685.824,103994.87640000001
2182,27681.792,104556.43519999999
2183,27681.792,120415.79520000001
2184,27684.864,115526.63040000001
2185,27685.92,322137.215
2186,27686.399999999998,265645.24
2187,27686.399999999998,144430.72
2188,27682.464,139306.23290000003
2189,27686.208,956645.0057999999
2190,27686.304,487942.26810000004
2191,27686.304,249493.9749
2192,27685.055999999997,286194.26639999996
2193,27681.792,128287.8048
2194,27679.392,122971.46549999999
2195,27679.392,288327.0
2196,27667.296,405758.1879
2197,27669.215999999997,236456.50840000002
2198,27667.296,378292.63259999995
2199,27663.456,237098.87079999998
2200,27663.456,417862.26609999995
2201,27663.456,340923.2791
2202,27663.456,136962.9233
2203,27658.847999999998,108186.43149999999
2204,27658.847999999998,122937.8171
2205,27658.847999999998,354523.0465
2206,27659.039999999997,163303.582
2207,27660.768,216416.6963
2208,27663.456,113362.5374
2209,27663.456,180792.2114
2210,27663.935999999998,297963.644
2211,27664.512,105557.40359999999
2212,27663.935999999998,306579.8074
2213,27658.944,118069.11720000001
2214,27658.944,117175.96380000001
2215,27658.752,119854.592
2216,27657.695999999996,166090.2265
2217,27652.895999999997,124092.37079999999
2218,27653.664,105832.8766
2219,27650.399999999998,216767.615
2220,27655.2,162013.38
2221,27655.2,169704.9825
2222,27655.2,265489.92
2223,27656.16,198461.75650000002
2224,27657.408,161248.4506
2225,27657.695999999996,150100.62099999998
2226,27657.695999999996,152491.8593
2227,27657.695999999996,336991.7397
2228,27650.399999999998,111206.4525
2229,27648.095999999998,111801.98819999999
2230,27648.095999999998,118195.61039999999
2231,27648.672,205723.4001
2232,27654.528,141326.16079999998
2233,27653.088,425454.28099999996
2234,27656.544,133241.1625
2235,27658.368,287358.9192
2236,27658.847999999998,220665.7467
2237,27658.752,408600.43840000004
2238,27664.895999999997,188668.82719999997
2239,27664.895999999997,173020.87039999999
2240,27661.344,114275.92740000002
2241,27665.664,114524.32160000001
2242,27665.76,140173.184
2243,27667.104,120006.0636
2244,27672.384000000002,131674.4272
2245,27671.136,259416.9
2246,27673.44,376935.314
2247,27657.695999999996,109507.19009999999
2248,27655.104,168811.36400000003
2249,27652.415999999997,978117.8021999999
2250,27655.007999999998,211301.5455
2251,27663.072,316165.8604
2252,27665.28,218699.80200000003
2253,27656.928,100083.5082
2254,27656.928,276252.3777
2255,27658.847999999998,164656.5795
2256,27656.928,202586.9976
2257,27656.928,144046.5
2258,27650.304,144271.22160000002
2259,27648.095999999998,584037.2278999999
2260,27648.095999999998,259200.9
2261,27644.352,162525.75280000002
2262,27644.544,115790.3244
2263,27639.935999999998,130800.23879999999
2264,27639.456,230357.59109999996
2265,27642.048,115232.7876
2266,27641.184,182403.0215
2267,27646.079999999998,528040.1279999999
2268,27647.232,231171.17839999998
2269,27652.32,144022.5
2270,27652.32,195121.683
2271,27648.0,149385.6
2272,27652.32,144022.5
2273,27656.928,901644.6621
2274,27657.215999999997,304747.94879999995
2275,27657.408,290085.8762
2276,27657.792,134341.9626
2277,27658.656,126423.1068
2278,27658.944,213204.36000000002
2279,27659.039999999997,103836.64600000001
2280,27659.039999999997,119106.74100000001
2281,27664.607999999997,149446.5178
2282,27664.607999999997,118381.46839999998
2283,27669.792,351233.42220000003
2284,27669.984,123679.06390000002
2285,27666.719999999998,129687.75
2286,27671.712,377372.9724
2287,27672.192,144875.4552
2288,27673.92,147824.856
2289,27672.192,104318.39880000001
2290,27672.192,151966.45440000002
2291,27672.192,150899.92200000002
2292,27672.095999999998,269139.95869999996
2293,27666.336,145046.5303
2294,27671.712,110600.3739
2295,27673.632,143499.3126
2296,27674.496,334861.4016
2297,27674.592,260342.95870000002
2298,27679.392,447079.8462
2299,27679.967999999997,262527.1965
2300,27681.311999999998,145384.5574
2301,27682.272,111594.159
2302,27683.904,139573.016
2303,27683.424,282140.2296
2304,27683.807999999997,115464.54919999998
2305,27683.807999999997,130892.50469999999
2306,27684.0,101219.625
2307,27684.095999999998,110794.0592
2308,27685.055999999997,101915.61239999998
2309,27685.248,131591.44439999998
2310,27686.399999999998,128309.15999999999
2311,27686.399999999998,100247.84
2312,27685.248,149932.92119999998
2313,27685.248,106040.26759999999
2314,27685.248,145059.164
2315,27685.248,108751.1148
2316,27685.248,148664.014
2317,27685.248,445069.2004
2318,27685.44,142954.923
2319,27682.368,144179.0
2320,27684.192,130721.29410000001
2321,27684.287999999997,144217.8378
2322,27682.368,122465.64259999999
2323,27682.368,291270.4158
2324,27684.0,138448.8375
2325,27686.399999999998,117984.44
2326,27686.496,102468.8753
2327,27686.592,126348.9162
2328,27686.879999999997,487260.2475
2329,27688.224000000002,171782.35640000002
2330,27689.088,161115.8808
2331,27689.471999999998,138101.2416
2332,27689.28,142224.833
2333,27689.76,215259.0405
2334,27689.568,278539.74809999997
2335,27690.048,133691.01299999998
2336,27689.664,171589.3866
2337,27690.528,129020.5539
2338,27690.912,127233.9717
2339,27691.007999999998,141108.7616
2340,27691.007999999998,372270.9888
2341,27691.2,203588.01
2342,27692.16,312402.18
2343,27692.928,148416.786
2344,27695.807999999997,130689.594
2345,27694.368,142395.2088
2346,27694.368,130884.7371
2347,27695.136,153650.30659999998
2348,27689.855999999996,144881.40279999998
2349,27686.399999999998,124242.72
2350,27685.728,121586.4888
2351,27685.728,147166.9479
2352,27686.879999999997,605535.1379999999
2353,27686.879999999997,178263.1305
2354,27691.967999999997,194132.234
2355,27691.967999999997,133181.0586
2356,27688.704,176948.124
2357,27693.215999999997,288471.0
2358,27694.752,104143.807
2359,27695.807999999997,138334.791
2360,27696.0,213259.2
2361,27696.0,120996.9
2362,27696.0,149385.3
2363,27697.824,127611.95370000001
2364,27698.112,256899.9888
2365,27698.399999999998,180039.6
2366,27699.36,115500.5605
2367,27700.32,409762.75450000004
2368,27699.456,176786.0072
2369,27700.704,144418.7745
2370,27700.8,374855.305
2371,27700.8,297350.77499999997
2372,27700.895999999997,100358.0378
2373,27701.664,111412.62990000001
2374,27692.735999999997,121098.0268
2375,27701.76,152792.52
2376,27701.76,160237.368
2377,27702.816,108820.12409999999
2378,27703.296,145153.728
2379,27703.296,153637.86239999998
2380,27701.184,103158.05500000001
2381,27689.184,285544.71
2382,27687.84,443957.2095
2383,27687.264,107634.2388
2384,27687.36,200156.54
2385,27679.584,1188838.1328
2386,27679.775999999998,240900.5505
2387,27687.36,103568.031
2388,27686.496,133385.4625
2389,27686.496,112130.30879999998
2390,27687.36,155885.605
2391,27682.175999999996,685508.7187999999
2392,27683.136,161773.326
2393,27673.92,636471.333
2394,27674.399999999998,175242.3725
2395,27674.592,101444.6763
2396,27674.784,131801.1588
2397,27674.879999999997,158755.796
2398,27680.832,670885.3314
2399,27684.287999999997,227270.7018
2400,27678.336,553739.7096
2401,27678.528,262744.1934
2402,27682.559999999998,213501.744
2403,27686.784,203843.9472
2404,27686.784,190865.76720000003
2405,27688.415999999997,173485.2315
2406,27688.512,172793.6202
2407,27689.952,519821.1614
2408,27689.76,194837.8425
2409,27689.855999999996,115922.4284
2410,27691.104,232749.49810000003
2411,27691.487999999998,254675.15370000002
2412,27691.392,208608.48640000002
2413,27694.079999999998,923914.8960000001
2414,27694.175999999996,210418.0414
2415,27694.847999999998,244320.48719999997
2416,27695.039999999997,117271.18500000001
2417,27696.0,230136.45
2418,27697.535999999996,109924.59599999999
2419,27698.112,265555.6488
2420,27698.879999999997,168241.84300000002
2421,27698.976,109612.92689999999
2422,27699.264,175601.7924
2423,27700.32,136654.91199999998
2424,27700.512,454172.978
2425,27700.415999999997,112677.21299999999
2426,27700.607999999997,146640.0936
2427,27700.32,274377.4405
2428,27700.32,117408.9605
2429,27700.32,187958.21300000002
2430,27700.704,145659.5352
2431,27698.399999999998,200467.17
2432,27702.912,118458.80600000001
2433,27704.544,137599.2352
2434,27704.544,117830.88870000001
2435,27704.544,114627.55080000001
2436,27705.6,127618.92
2437,27702.816,106049.84249999998
2438,27700.607999999997,110369.61
2439,27698.879999999997,111574.551
2440,27698.879999999997,113853.93800000001
2441,27703.487999999998,191125.2094
2442,27703.584,122386.3539
2443,27703.775999999998,117337.03459999998
2444,27703.872,168387.597
2445,27700.8,105984.41500000001
2446,27700.8,461680.0
2447,27700.8,154431.96000000002
2448,27705.215999999997,371913.6652
2449,27705.311999999998,188829.0171
2450,27705.311999999998,157602.8217
2451,27705.6,114199.01999999999
2452,27706.272,156222.96910000002
2453,27706.464,104678.4843
2454,27706.559999999998,174118.413
2455,27709.344,119381.09040000002
2456,27709.44,404326.91199999995
2457,27709.92,175178.6505
2458,27710.015999999996,236718.5846
2459,27710.304,117624.46750000001
2460,27710.399999999998,622848.97
2461,27710.208,162739.7424
2462,27710.399999999998,105674.765
2463,27706.656,230888.8
2464,27706.656,144305.5
2465,27710.399999999998,196368.595
2466,27706.559999999998,134925.175
2467,27709.248,307428.33379999996
2468,27710.399999999998,183841.185
2469,27710.879999999997,131049.37
2470,27711.072,435727.7415
2471,27712.512,154468.3872
2472,27706.175999999996,321247.3386
2473,27702.528,150055.36000000002
2474,27698.879999999997,326991.049
2475,27698.879999999997,265418.747
2476,27697.344,942084.7642
2477,27698.112,145241.9748
2478,27699.072,251946.14239999998
2479,27693.408,1064176.8969999999
2480,27693.408,181132.1967
2481,27693.504,253309.01940000002
2482,27670.944,126882.80780000001
2483,27672.96,237843.32599999997
2484,27673.055999999997,143755.76069999998
2485,27674.208,152525.24430000002
2486,27676.607999999997,101711.5344
2487,27675.072,184039.2288
2488,27676.895999999997,128466.9256
2489,27676.224000000002,148298.43360000002
2490,27678.336,316080.83079999994
2491,27678.336,483390.60559999995
2492,27670.368,123853.72009999999
2493,27670.368,389316.31309999997
2494,27675.072,206006.3172
2495,27674.784,135721.7532
2496,27675.167999999998,188047.00089999998
2497,27675.84,102314.121
2498,27675.84,170638.851
2499,27677.375999999997,153148.1472
2500,27680.352,192868.61930000002
2501,27667.872,164681.47980000003
2502,27676.127999999997,119958.71729999999
2503,27677.471999999998,179932.3987
2504,27677.471999999998,169783.9923
2505,27679.296,184038.4858
2506,27680.832,168074.5518
2507,27681.888,150779.7837
2508,27683.136,161369.61359999998
2509,27683.712,325283.616
2510,27684.095999999998,111514.99919999999
2511,27684.48,159877.87199999997
2512,27684.48,125618.328
2513,27692.064000000002,127008.49769999999
2514,27692.064000000002,280872.5283
2515,27678.816,166447.71329999997
2516,27673.248,894768.352
2517,27673.535999999996,204380.59399999998
2518,27674.015999999996,203259.8821
2519,27674.976,194041.9411
2520,27675.36,184934.8275
2521,27677.568,101397.9236
2522,27678.239999999998,293619.996
2523,27678.336,236851.59399999998
2524,27679.487999999998,298736.6408
2525,27680.447999999997,193157.6262
2526,27680.16,139928.9755
2527,27682.464,132818.1554
2528,27684.48,142171.34
2529,27681.6,121597.19499999999
2530,27681.6,101383.86
2531,27682.175999999996,171225.7928
2532,27682.175999999996,100953.4356
2533,27678.816,576642.0
2534,27679.584,126461.0994
2535,27681.6,351354.47500000003
2536,27682.175999999996,115371.2356
2537,27682.175999999996,113323.908
2538,27683.232,115260.2899
2539,27683.52,150471.466
2540,27686.112,113743.7768
2541,27686.208,115647.598
2542,27686.112,145352.08800000002
2543,27686.976,123120.5214
2544,27686.976,127648.4956
2545,27686.976,165948.81239999997
2546,27688.607999999997,496866.3021
2547,27690.624,132684.24
2548,27690.624,288444.0
2549,27688.704,999908.3232
2550,27688.8,368693.6775
2551,27690.336,185986.7568
2552,27690.624,142260.58080000003
2553,27690.912,101648.7228
2554,27691.296,157753.8519
2555,27691.296,254615.6977
2556,27694.656,104980.05539999998
2557,27694.656,111153.6558
2558,27695.807999999997,106051.8648
2559,27696.0,302925.0
2560,27696.864,136897.5205
2561,27695.136,928825.6235999999
2562,27696.0,123074.1
2563,27696.095999999998,125728.73579999998
2564,27697.152,104008.576
2565,27700.127999999997,129122.9925
2566,27705.6,110447.22
2567,27706.559999999998,108603.943
2568,27707.904,137702.5104
2569,27708.48,156668.364
2570,27708.192,343408.4046
2571,27708.384000000002,105465.0366
2572,27708.0,247813.42500000002
2573,27709.152,104428.8666
2574,27709.344,266327.20530000003
2575,27711.36,117455.754
2576,27714.048,435514.7168
2577,27714.239999999998,141833.397
2578,27714.239999999998,562714.5480000001
2579,27714.912,131126.1774
2580,27715.007999999998,131877.24639999997
2581,27715.2,218112.85
2582,27715.967999999997,316395.09719999996
2583,27716.928,134629.2034
2584,27717.024,251416.5052
2585,27717.024,120164.8478
2586,27714.048,266314.68
2587,27709.728,153471.4831
2588,27705.024,124124.27940000001
2589,27709.152,776837.6218000001
2590,27709.344,261622.38960000002
2591,27711.167999999998,344253.5308
2592,27710.976,116212.90559999998
2593,27711.072,150448.0284
2594,27708.0,230900.0
2595,27708.0,182439.8625
2596,27711.264,139739.8219
2597,27711.264,231129.2613
2598,27714.048,210713.3712
2599,27714.239999999998,133634.601
2600,27715.296,106501.7989
2601,27716.928,143550.5896
2602,27711.36,249979.56
2603,27698.592,535131.0269
2604,27699.552,287527.1205
2605,27699.552,920808.1281
2606,27699.647999999997,470201.52479999996
2607,27700.607999999997,130250.5672
2608,27700.8,226309.76499999998
2609,27704.928,184410.927
2610,27704.16,161665.317
2611,27704.16,326880.2295
2612,27702.816,438714.49129999994
2613,27710.688,310792.6851
2614,27710.688,144932.6713
2615,27714.528,102601.4922
2616,27716.832,113436.9093
2617,27720.0,325132.5
2618,27720.0,101293.5
2619,27720.0,169698.375
2620,27720.0,261867.37500000003
2621,27724.415999999997,159473.1512
2622,27726.239999999998,213001.0625
2623,27724.607999999997,102638.80919999999
2624,27717.311999999998,235857.00180000003
2625,27718.656,545480.0512
2626,27714.432,748000.9720000001
2627,27716.735999999997,111617.6056
2628,27722.592,117099.0735
2629,27721.248,110480.72379999999
2630,27723.647999999997,502982.05960000004
2631,27724.704,102523.645
2632,27724.8,279818.32
2633,27727.584,250068.1482
2634,27731.424,132590.871
2635,27732.48,146028.84
2636,27732.48,169803.664
2637,27732.575999999997,174224.13109999997
2638,27733.248,111395.2128
2639,27734.399999999998,109926.45000000001
2640,27734.208,197028.43600000002
2641,27736.895999999997,124469.32079999999
2642,27738.432,125776.45259999999
2643,27738.144,170647.3734
2644,27738.432,104221.3794
2645,27738.432,232973.93460000004
2646,27738.719999999998,181312.98750000002
2647,27741.12,2891115.953
2648,27743.039999999997,102562.55099999999
2649,27744.0,646521.8999999999
2650,27743.136,215616.1851
2651,27744.0,237818.09999999998
2652,27745.92,136619.75400000002
2653,27750.624,105221.11600000001
2654,27750.624,162080.98830000003
2655,27749.855999999996,519818.39629999996
2656,27747.744,277853.1907
2657,27746.976,506671.343
2658,27747.744,140010.4916
2659,27750.144,115770.132
2660,27756.48,180388.207
2661,27756.96,120309.07349999998
2662,27757.92,108949.836
2663,27758.399999999998,231580.23500000002
2664,27758.976,220481.44999999998
2665,27759.744,151608.6852
2666,27760.224000000002,110867.39460000001
2667,27760.32,310366.161
2668,27759.84,116822.66
2669,27755.039999999997,193851.6075
2670,27746.976,150296.12
2671,27752.255999999998,140582.52180000002
2672,27747.264,237181.3004
2673,27747.935999999998,117032.70090000001
2674,27734.784,728038.08
2675,27734.879999999997,321060.1265
2676,27735.744,164305.3918
2677,27732.575999999997,611907.7342
2678,27731.039999999997,146714.5335
2679,27731.039999999997,290020.45999999996
2680,27734.879999999997,249989.4965
2681,27736.224000000002,103808.59670000001
2682,27736.224000000002,189010.80980000002
2683,27736.224000000002,114267.4645
2684,27725.471999999998,107118.5163
2685,27725.76,736234.452
2686,27727.68,108571.197
2687,27724.992,830219.1094000001
2688,27726.144,423603.4938
2689,27723.167999999998,928783.8846
2690,27724.032,200652.6816
2691,27723.552,101970.6897
2692,27723.552,102057.32579999999
2693,27714.528,565693.9334999999
2694,27717.024,747204.772
2695,27719.327999999998,172090.828
2696,27717.311999999998,254017.61560000002
2697,27705.12,319041.77249999996
2698,27705.12,186461.22950000002
2699,27705.12,109262.067
2700,27710.399999999998,115113.62
2701,27710.399999999998,500490.235
2702,27702.528,507244.8304
2703,27702.528,651673.1144
2704,27703.296,118171.87199999999
2705,27701.088,183981.3928
2706,27701.088,500639.455
2707,27702.144,669583.9056
2708,27703.2,196519.57499999998
2709,27698.399999999998,382901.5275
2710,27700.032,299852.8464
2711,27703.104,138573.2348
2712,27703.487999999998,150897.4362
2713,27703.584,416736.93390000006
2714,27702.239999999998,103450.5525
2715,27703.584,128677.3761
2716,27700.512,187959.51580000002
2717,27700.512,135126.5601
2718,27708.48,116635.38300000002
2719,27708.48,129537.14400000001
2720,27692.928,476924.14440000005
2721,27694.175999999996,191493.68779999999
2722,27694.175999999996,142509.614
2723,27694.175999999996,163280.24599999998
2724,27694.175999999996,101574.1601
2725,27694.368,106738.71
2726,27692.64,1010233.2765
2727,27693.408,174468.4704
2728,27693.6,165353.87
2729,27693.984,102525.4366
2730,27691.392,245155.35480000003
2731,27693.12,117695.76000000001
2732,27694.944,249946.8696
2733,27694.559999999998,131953.039
2734,27696.96,146014.911
2735,27697.632,516099.20960000006
2736,27697.92,132776.904
2737,27698.015999999996,115437.2521
2738,27698.208,128335.0304
2739,27699.935999999998,117695.87389999999
2740,27700.224000000002,293333.83040000004
2741,27700.032,136653.4912
2742,27703.392,288577.0
2743,27695.807999999997,181811.43959999998
2744,27694.079999999998,105872.16
2745,27685.728,449720.04419999995
2746,27685.92,242251.80000000002
2747,27690.912,164876.3052
2748,27691.007999999998,105196.98559999999
2749,27695.615999999998,102329.5312
2750,27695.615999999998,719768.6704000001
2751,27695.615999999998,108878.39039999999
2752,27695.615999999998,173097.59999999998
2753,27695.712,111850.28689999999
2754,27697.824,120485.5344
2755,27698.015999999996,220314.63559999998
2756,27705.12,529975.858
2757,27704.64,168507.701
2758,27703.872,120511.8432
2759,27705.6,188080.62000000002
2760,27705.408,130475.1558
2761,27707.232,619920.4543
2762,27706.847999999998,112963.1282
2763,27705.311999999998,197313.7689
2764,27713.375999999997,150402.80099999998
2765,27715.104,141953.2983
2766,27717.215999999997,121464.92469999999
2767,27717.984,208837.6857
2768,27717.984,171707.1363
2769,27719.712,110359.1034
2770,27719.904,115788.349
2771,27720.095999999998,177408.6144
2772,27720.095999999998,415252.81309999997
2773,27720.095999999998,107328.7467
2774,27720.095999999998,567626.7158
2775,27720.192,168082.5392
2776,27720.384000000002,280062.5046
2777,27717.6,106424.035
2778,27715.584,151829.43360000002
2779,27715.584,149981.728
2780,27717.6,102237.52249999999
2781,27713.28,514976.252
2782,27714.912,330731.2832
2783,27715.2,1036548.4800000001
2784,27718.079999999998,105299.83099999999
2785,27714.528,194059.4346
2786,27714.528,308728.2942
2787,27714.528,194174.9118
2788,27714.528,406450.8747
2789,27715.775999999998,163782.91379999998
2790,27715.775999999998,154197.8746
2791,27716.735999999997,122386.71239999999
2792,27717.12,122532.768
2793,27717.215999999997,156082.57259999998
2794,27717.984,274465.78740000003
2795,27715.2,153848.22999999998
2796,27704.928,129780.27209999999
2797,27708.48,144315.0
2798,27714.816,307778.80559999996
2799,27718.079999999998,369256.79699999996
2800,27714.336,236466.7981
2801,27716.352,210586.5328
2802,27716.352,125445.364
2803,27717.215999999997,113005.3994
2804,27717.215999999997,189141.12709999998
2805,27716.352,499991.4416000001
2806,27716.352,306034.72
2807,27712.32,175136.089
2808,27707.904,357229.92480000004
2809,27711.36,101463.99
2810,27711.935999999998,188787.56399999998
2811,27712.224000000002,288524.6655
2812,27713.28,309897.98
2813,27715.2,224146.68
2814,27715.104,137593.94340000002
2815,27715.68,272422.038
2816,27715.68,108264.375
2817,27713.375999999997,112701.0624
2818,27713.375999999997,130916.8335
2819,27713.375999999997,131147.7783
2820,27717.888,125307.95199999999
2821,27718.079999999998,362038.54699999996
2822,27719.424,164872.824
2823,27720.0,118069.87500000001
2824,27720.0,539413.875
2825,27721.92,379934.689
2826,27722.015999999996,100376.7996
2827,27723.647999999997,150371.9116
2828,27724.8,226043.76
2829,27725.568,228880.34
2830,27725.664,116447.78880000001
2831,27726.048,135280.0092
2832,27726.144,198935.0832
2833,27727.392,113306.8321
2834,27727.487999999998,100107.78480000001
2835,27727.584,101436.7448
2836,27728.064000000002,115533.6
2837,27720.095999999998,144375.5
2838,27724.32,103417.4895
2839,27724.32,105901.1265
2840,27724.32,128715.93149999999
2841,27724.32,104168.35650000001
2842,27725.184,107810.5332
2843,27725.184,719410.7640000001
2844,27727.2,168413.8575
2845,27728.447999999997,727611.8058
2846,27728.064000000002,281324.316
2847,27727.967999999997,130205.9164
2848,27729.695999999996,292519.4077
2849,27728.735999999997,147453.3305
2850,27728.064000000002,165675.1824
2851,27728.064000000002,328057.6572
2852,27731.807999999997,300774.5676
2853,27732.48,217959.96
2854,27732.672,182631.2004
2855,27733.248,291719.10240000003
2856,27733.535999999996,124425.3537
2857,27733.535999999996,847952.8632
2858,27734.879999999997,130007.25
2859,27735.167999999998,106635.94279999999
2860,27735.36,103111.97899999999
2861,27735.36,418283.898
2862,27736.895999999997,150848.2646
2863,27736.895999999997,151917.2908
2864,27738.528,259673.0741
2865,27730.272,151649.92500000002
2866,27729.695999999996,182669.3724
2867,27731.615999999998,144435.5
2868,27736.704,120567.98520000001
2869,27736.8,154719.33750000002
2870,27736.704,693417.6000000001
2871,27736.8,554938.2475
2872,27740.928,115587.2
2873,27740.928,756200.3592
2874,27741.024,250304.94780000002
2875,27743.039999999997,259166.232
2876,27743.52,246715.0315
2877,27744.0,626696.5
2878,27746.015999999996,144539.4021
2879,27746.399999999998,182605.995
2880,27748.032,110240.61880000001
2881,27748.415999999997,101917.61959999999
2882,27745.92,117833.454
2883,27739.487999999998,144967.7201
2884,27737.855999999996,139209.36479999998
2885,27735.456,188947.794
2886,27729.024,496580.60480000003
2887,27731.712,135423.1936
2888,27735.935999999998,106147.73839999999
2889,27734.496,248570.42039999997
2890,27734.496,335847.4125
2891,27736.512,101816.1128
2892,27736.607999999997,151424.54429999998
2893,27728.928,123191.53949999998
2894,27724.32,306324.8565
2895,27726.719999999998,237901.034
2896,27729.311999999998,227207.0502
2897,27728.16,154526.72499999998
2898,27722.976,288781.0
2899,27722.976,142340.1549
2900,27725.375999999997,509049.4556
2901,27725.28,320198.10349999997
2902,27725.375999999997,201182.2596
2903,27725.664,978687.0583
2904,27728.832,110482.065
2905,27731.039999999997,112050.7335
2906,27732.095999999998,171852.33239999998
2907,27733.535999999996,207279.29249999998
2908,27733.344,228251.19890000002
2909,27733.44,128844.94
2910,27734.784,155863.70799999998
2911,27735.647999999997,151794.8902
2912,27735.264,200300.6097
2913,27735.264,262156.0266
2914,27737.184,156281.6961
2915,27732.864,148804.1484
2916,27732.864,251357.96840000004
2917,27733.824,110530.8444
2918,27739.104,122918.9046
2919,27737.375999999997,224297.1353
2920,27739.296,256501.8027
2921,27742.368,189630.6446
2922,27743.712,221949.696
2923,27736.32,181008.38
2924,27735.167999999998,598386.2496
2925,27737.568,117364.5846
2926,27739.68,130029.75
2927,27739.68,200130.233
2928,27739.68,179585.5325
2929,27742.944,112041.0353
2930,27743.615999999998,119210.84999999999
2931,27743.712,117621.77900000001
2932,27743.904,235649.7846
2933,27744.0,1186460.6
2934,27744.095999999998,289925.80319999997
2935,27743.904,121408.47989999999
2936,27738.336,722352.5
2937,27738.336,155970.35179999997
2938,27738.528,143922.5083
2939,27726.432,427015.93450000003
2940,27733.535999999996,183879.1215
2941,27735.647999999997,145756.6085
2942,27735.647999999997,635088.5566
2943,27736.127999999997,109499.92199999999
2944,27734.784,311756.3064
2945,27734.496,117900.49810000001
2946,27734.496,227942.88899999997
2947,27733.535999999996,959464.7892
2948,27729.024,118512.6932
2949,27723.456,115514.4
2950,27723.456,552736.404
2951,27724.704,103592.20130000002
2952,27725.28,359071.2565
2953,27720.095999999998,1152953.8679
2954,27720.672,109092.3946
2955,27721.92,106931.531
2956,27722.015999999996,244271.3889
2957,27724.415999999997,187399.72439999998
2958,27726.048,302387.211
2959,27734.208,108596.7582
2960,27737.375999999997,232069.3792
2961,27738.239999999998,105665.35800000001
2962,27742.079999999998,480255.86199999996
2963,27742.175999999996,158332.6899
2964,27742.559999999998,374351.169
2965,27742.559999999998,124379.14400000001
2966,27742.559999999998,116576.549
2967,27742.559999999998,255925.116
2968,27743.039999999997,165851.361
2969,27742.559999999998,102676.3705
2970,27742.559999999998,105248.337
2971,27743.712,128227.9689
2972,27744.0,250476.3
2973,27744.0,149037.3
2974,27744.0,145049.1
2975,27747.072,116537.70240000001
2976,27747.072,196137.1152
2977,27749.664,114120.4932
2978,27749.664,173435.40000000002
2979,27747.935999999998,139982.5563
2980,27748.895999999997,336137.4079
2981,27749.28,141290.084
2982,27749.28,188955.2535
2983,27749.28,332355.43899999995
2984,27750.336,526042.3068
2985,27753.792,403441.841
2986,27755.136,102144.6828
2987,27757.344,113342.488
2988,27750.336,105971.59559999999
2989,27750.336,178584.9748
2990,27754.175999999996,252591.9122
